Time,X,Y,Z
1747972080.1536527,-0.023380449743113603,0.002767911217779324,-0.005237480397990478
1747972080.1704984,-0.031186846118800893,0.008741668903043011,-0.005219022593793453
1747972080.1916614,-0.025745705038041036,0.005987211069882723,-0.00045768999722906685
1747972080.215848,-0.026497964339737154,0.012326446336792812,-0.00478269769380285
1747972080.2346437,-0.03967971057657956,0.012859973504002028,-0.0036591312534986695
1747972080.2520943,-0.023906692180021828,0.005464265645486144,0.0009363489952017281
1747972080.2756245,-0.03216981315215179,0.011698756862582226,-0.0005692578103493544
1747972080.2974045,-0.03747934911647487,0.011215536763328858,-0.0056564476075014495
1747972080.3155892,-0.027925912364681647,0.013605728944480618,-0.003347042465218064
1747972080.333472,-0.009434035758826254,0.016969835936754343,-0.003316014525573888
1747972080.3548942,0.021148511647875318,0.01890971000679477,-0.00738893977510889
1747972080.3753061,0.0627046314728054,0.01111983033467194,-0.00738690853074052
1747972080.3993802,0.09550720815506618,0.00858230284611002,-0.0006568283779728048
1747972080.418004,0.12900732015037264,-0.0003654774160559845,-0.0016701590674902539
1747972080.434933,0.1586611273918495,0.006881205562851624,0.005468339636836523
1747972080.4563575,0.17909264114594856,0.004772936360916349,0.0029684456370542072
1747972080.47829,0.21508289907849906,-0.005732114657917703,-0.006540536297342299
1747972080.496017,0.25612287813319357,-0.00613716889923497,0.0005530708699142965
1747972080.5162644,0.2740512511417031,-0.001477062576599616,0.00032861254781844636
1747972080.5394437,0.30199478902699783,0.0007292672865923306,-0.0024772312878561203
1747972080.5580442,0.3258325639330394,0.0010718222751970629,-0.002435532636962816
1747972080.5751045,0.35271833739416797,0.00044788069762545946,0.0022087605983981294
1747972080.5961423,0.3866121988596633,-0.0034797089770424766,0.0011837360833301177
1747972080.6196904,0.4191207703597565,-0.0031623175929680193,0.0030017464874238747
1747972080.6385205,0.45320062389221394,-0.005929677901150137,0.002860607279052597
1747972080.6556687,0.4774117213322913,-0.0017972328721273057,0.0033317991828154393
1747972080.6773489,0.49865899397304053,-0.0024280561290621473,0.007393624804779645
1747972080.6987176,0.5336305321091813,0.000499195612363156,0.0044069023256300315
1747972080.7199461,0.5687320157904948,-0.001026025596923399,0.007027456717646983
1747972080.7400796,0.5948817762072439,-0.001234201680905802,0.005817124462546443
1747972080.7563944,0.6270118069143679,0.0003942664042501716,0.007044729260383017
1747972080.7785017,0.6466774330966215,-0.0012030039474110641,0.006688970792545591
1747972080.7960784,0.6788312558694999,-0.00398514514340462,0.007215126365541914
1747972080.8200903,0.7183307928294298,-0.011416677460428775,0.008811619109999903
1747972080.840506,0.7409145544636546,-0.005428930967753598,0.012890551860467373
1747972080.856459,0.767505904323776,-0.004136170017386839,0.010866944557636616
1747972080.879233,0.7946795123905721,-0.005318153129059185,0.0070014635165158
1747972080.8976555,0.8326420336534481,-0.00710372433415655,0.004719080441977507
1747972080.9160569,0.8473584421273926,-0.007195118529390135,0.01042067151721406
1747972080.9415603,0.8847641842158024,-0.003406389982520638,0.01613426776471339
1747972080.9576874,0.9169974136249589,-0.006876275012534438,0.014222275158462118
1747972080.9796855,0.946787618219468,-0.007110239588979556,0.010758582051246569
1747972080.9980502,0.9834358924028354,-0.006139138048012064,0.01499739263711761
1747972081.0183864,1.01004727053574,-0.0072553061090596775,0.01385954377912222
1747972081.0393424,1.0435643062470767,-0.0078798406861133,0.01122426756954329
1747972081.0629148,1.0755923754776089,-0.01217730979421556,0.009389524228918058
1747972081.0818882,1.1108558000110953,-0.013083665033582922,0.01048600754406907
1747972081.1011324,1.1407406827590032,-0.012711369383731607,0.015544579749645213
1747972081.1240885,1.1631732878271799,-0.01573889313545422,0.012924097100907238
1747972081.1427116,1.1951131666806925,-0.01856812809351589,0.011943734676240977
1747972081.1630356,1.2224596852227676,-0.01892937032200536,0.012731755224854804
1747972081.182848,1.2575878416702255,-0.02143743369467564,0.01472656453189625
1747972081.2064087,1.2851395103723688,-0.020148834316415364,0.012479299377959925
1747972081.2261357,1.3169972748117933,-0.018684544427360547,0.010750911282613951
1747972081.2429123,1.3411513410710008,-0.014930480990166462,0.012556476666139238
1747972081.2644742,1.3598424701564034,-0.013449630349448275,0.01666538057863855
1747972081.2883642,1.4062230568210188,-0.017406537350228853,0.01503188954931207
1747972081.302941,1.4306702115873395,-0.023466749463880356,0.015671718262203028
1747972081.3262537,1.4667971725604512,-0.022948437464897196,0.017212748163786026
1747972081.343054,1.4984675775279828,-0.023685546903123817,0.018358394554136407
1747972081.3648324,1.5195765758485906,-0.03005535017768881,0.016566599545683354
1747972081.3894563,1.5462262815838488,-0.025898260785916855,0.017072243914939708
1747972081.4033847,1.5803548292660352,-0.02423771096809861,0.015456429191263625
1747972081.4251204,1.6054867524153662,-0.021636163495179217,0.016518149313341137
1747972081.447402,1.6396161096777389,-0.027165416765438644,0.017315810833476376
1747972081.4651086,1.6730047369394838,-0.028073197211585136,0.01716479008110936
1747972081.4860854,1.7040154548427406,-0.03158762791775376,0.020770027398527277
1747972081.5063238,1.7319805437123936,-0.03475404712218602,0.021970216344557238
1747972081.5278425,1.755866511606744,-0.032558976771534485,0.018079246382665393
1747972081.545493,1.7848010702474995,-0.03430053633355038,0.01770132662733949
1747972081.5675812,1.8210431361330397,-0.03193950839030681,0.022073313272804124
1747972081.5841584,1.853831927462538,-0.034367094428782344,0.015002508520499858
1747972081.6074922,1.8745514737150382,-0.032945243595729486,0.013356969241173274
1747972081.6300352,1.9109270921805663,-0.03378706331485009,0.019564571317617834
1747972081.6504726,1.9437220541249962,-0.04060008161054563,0.01707582340215772
1747972081.6659887,1.969700382143538,-0.03975145137866602,0.019042534148368893
1747972081.6893063,2.002592028971057,-0.03896224257831367,0.021463176467303502
1747972081.7071977,2.0286303627696456,-0.03948040805007767,0.01901994367659832
1747972081.7265258,2.0582028068551033,-0.04117187212675297,0.020341201365722785
1747972081.747776,2.0827806376959024,-0.03598659123300994,0.016724525266458456
1747972081.76915,2.1108245028335166,-0.03481987225273506,0.019160509808690444
1747972081.7944164,2.148439588324914,-0.03441977872757737,0.018019229718276925
1747972081.811007,2.174965795065942,-0.03696434049642521,0.020015046932052298
1747972081.8311784,2.209132962022765,-0.04024952598345515,0.020615640995307504
1747972081.8516526,2.242697039902091,-0.04406750640141948,0.020823407465119
1747972081.8731468,2.2729020927957992,-0.052177913820399616,0.018222897791113274
1747972081.8922746,2.3030465502210626,-0.050217570685058006,0.021236162330076195
1747972081.9128823,2.325087567102955,-0.03697883849880715,0.021237518057683584
1747972081.9327424,2.357782553226375,-0.04172259156817145,0.016645384201225834
1747972081.9543371,2.3844694726140623,-0.04301874270415931,0.021438334539214114
1747972081.9755957,2.414663740612808,-0.04567270980805553,0.02265290581617692
1747972081.9920225,2.4499499714038397,-0.0450612703952203,0.02274660838203764
1747972082.0194778,2.476386088102738,-0.05172715079088962,0.025196096186483437
1747972082.039071,2.5029318570955206,-0.047331540179954966,0.022926311428723367
1747972082.0556169,2.52690975433688,-0.04425132649546856,0.018824112475116856
1747972082.0778883,2.5560862582422033,-0.045025632056450354,0.020026752741775084
1747972082.1002219,2.5927088590419225,-0.047507724041876885,0.02071171706131453
1747972082.1174526,2.6173741501384686,-0.044841032016362685,0.02071212207634877
1747972082.144908,2.6577987928347673,-0.050210898898083,0.027433624555079302
1747972082.1651893,2.6939577424619,-0.05604675008491875,0.024041490837531196
1747972082.180334,2.7180410477131884,-0.05306458566876167,0.022062560516332708
1747972082.203305,2.7425430900484935,-0.05296883899723959,0.0207516645958803
1747972082.221409,2.7768670156876203,-0.06049989458642149,0.023720263376694594
1747972082.2439308,2.80709533690394,-0.052788410291436674,0.023666888264409873
1747972082.2601907,2.838258591250119,-0.0547285369412762,0.022278773777190602
1747972082.2837033,2.8630692735870613,-0.061803279638243794,0.027553789695820154
1747972082.3016262,2.897920468852918,-0.0609704602347656,0.023809880551355297
1747972082.3235033,2.924987553984378,-0.06381574200436681,0.026518090397919532
1747972082.3413448,2.9482325745276876,-0.06563493285492884,0.02893464374333022
1747972082.3656816,2.9752054388434135,-0.06381775514153078,0.024733305213961856
1747972082.3812373,3.0048684247352,-0.06546221162198967,0.02383530970434882
1747972082.4025218,3.0445923450245713,-0.0637003399317738,0.02550264406685425
1747972082.4298317,3.0768648092921356,-0.06810363219744675,0.028094190051500233
1747972082.4493906,3.1040322949338046,-0.06774255482753248,0.028156632812465446
1747972082.4707718,3.1318282391341676,-0.06361489757449608,0.025280250956746356
1747972082.4872987,3.153282785569474,-0.06563692921084624,0.024627254933665677
1747972082.5059204,3.1767711815760995,-0.06615886107390631,0.02562264047071851
1747972082.5264592,3.2087720898726264,-0.060084796658952284,0.02808098569191399
1747972082.5467417,3.2480428325111377,-0.06079196421810245,0.028811198013721385
1747972082.5658982,3.2760972821850034,-0.05521686590223135,0.029827458575191833
1747972082.5860298,3.297363223121528,-0.054340908780193306,0.02770849505538239
1747972082.6140034,3.329887634632267,-0.062255081947786874,0.028036245606304182
1747972082.6293402,3.355354419401502,-0.05763281665241772,0.027625023327688975
1747972082.6514053,3.382180913416363,-0.06022107482970227,0.029612189885451574
1747972082.6704085,3.41435637133786,-0.0599611182877196,0.029984683554763355
1747972082.691364,3.438454604182198,-0.058165592556529006,0.026214887718629176
1747972082.7166781,3.469019032064788,-0.05650768257669605,0.025852574968482225
1747972082.7377143,3.499495130996816,-0.055810307334118466,0.027972598020403798
1747972082.7515056,3.535324489367654,-0.05258553408504641,0.028362271837820023
1747972082.7749803,3.5738791037684305,-0.06358528094487773,0.029163899252093884
1747972082.7919042,3.59324054287161,-0.05653409739757549,0.03286353540903066
1747972082.8131866,3.614575603355018,-0.05718524574284241,0.029703550704665686
1747972082.8319216,3.646922207366741,-0.05443059779818298,0.02832764356724596
1747972082.8580048,3.675349140713869,-0.05437588012620448,0.028050886119054166
1747972082.874137,3.7061521814468406,-0.05810728215322313,0.027971105835226703
1747972082.8926067,3.7259003557499564,-0.059002913342535296,0.030086738493094747
1747972082.9158673,3.757646054630842,-0.06775329777315227,0.035382522754191716
1747972082.9321802,3.7889547113847266,-0.07284480122666824,0.032396026847001096
1747972082.9583018,3.820198048825001,-0.06983803158862402,0.034786435991486404
1747972082.9727058,3.847790622271033,-0.07794522487161729,0.03665149621616123
1747972082.9953551,3.8683850961421498,-0.08144655045375768,0.035330273756262076
1747972083.0118115,3.893458470199576,-0.0869900529169562,0.032109027548912795
1747972083.0372157,3.9112946667577844,-0.08277528062075883,0.033062617585638915
1747972083.0583344,3.938880721356811,-0.09241306885159918,0.03439868379060292
1747972083.0745273,3.9640914170102586,-0.09614449446250384,0.03935989865237559
1747972083.096747,3.99193438180343,-0.11016299861125659,0.03947861542146539
1747972083.1134067,4.021525190918393,-0.11059033671759222,0.03585478327398564
1747972083.1383638,4.048039847729826,-0.10994427679527953,0.03818854776123827
1747972083.1541033,4.076315267011921,-0.10397074719447146,0.03733449552986386
1747972083.1740544,4.104249887946121,-0.11151580223837347,0.03835124508428717
1747972083.1946733,4.140204619152056,-0.11466962941126312,0.037146335632895176
1747972083.2188694,4.165022001006215,-0.11095219347289281,0.03834449562824099
1747972083.2351704,4.195623748007328,-0.11400088691570855,0.03939131449129438
1747972083.2571764,4.2234687485278055,-0.12048206452946895,0.03935215172122137
1747972083.2807434,4.258997985377285,-0.11759569488768486,0.04214669460727886
1747972083.29937,4.283524232085691,-0.11701709099177257,0.04367978069119078
1747972083.3159106,4.317926928908348,-0.11570434631589405,0.048091987524276666
1747972083.3378723,4.338364647448601,-0.1193693439064863,0.04820468307033254
1747972083.361235,4.367237807297802,-0.11693354325917638,0.044991349844435376
1747972083.3793406,4.398698999235272,-0.1205286455966214,0.04428863600994715
1747972083.3957653,4.428030804044168,-0.12655082911537824,0.04593811053888294
1747972083.419695,4.463215456905173,-0.1280019321890663,0.04935510272847605
1747972083.4425843,4.489262692572219,-0.12304408780967432,0.05005786156267906
1747972083.4600632,4.525322479288831,-0.12808659177865445,0.04801596031537788
1747972083.4847665,4.559376393345031,-0.12845601569388834,0.05214745942870515
1747972083.5019763,4.589612030905168,-0.128089950513339,0.04926552480516379
1747972083.5231802,4.619245450353363,-0.13534915900296376,0.054791138325438485
1747972083.543964,4.642128882066191,-0.13254177130799125,0.051996290113233014
1747972083.5687728,4.667646290382347,-0.13214126334355372,0.051901071722334775
1747972083.5892026,4.701297920324399,-0.12713304157703767,0.05424011920966537
1747972083.6093328,4.728580343263212,-0.131405638921098,0.0549946639820755
1747972083.6245816,4.74921998209354,-0.1306312651895457,0.0588711917485993
1747972083.648449,4.754611437757677,-0.12274318513936928,0.058404003881244455
1747972083.6661842,4.764047537645177,-0.11170023997711806,0.051401411105339745
1747972083.6935816,4.769963175010163,-0.11219758840990533,0.05183999770420602
1747972083.708304,4.771033820167031,-0.11008895289429839,0.052016896385271995
1747972083.7264183,4.772860528756024,-0.11128639854298734,0.0515464057677412
1747972083.746099,4.7738506500171605,-0.10908536462748615,0.05423539773655178
1747972083.7660036,4.769106842918973,-0.11304386398863986,0.0552253922353562
1747972083.7843118,4.778066558483589,-0.12241306480518538,0.05336392658935718
1747972083.8053756,4.779319331602608,-0.1289134515559077,0.0541864345872614
1747972083.8288605,4.778853312740726,-0.12122266329731009,0.054630536994759185
1747972083.8505023,4.783496257328133,-0.11846599713873013,0.050954841546386256
1747972083.87399,4.777252248124913,-0.11961661740958902,0.05505998314663844
1747972083.8887222,4.779733946521984,-0.12412448004963487,0.0541619707677761
1747972083.9157612,4.7831153779842674,-0.12439147505876191,0.053748488708200384
1747972083.9347837,4.780837731871627,-0.1230517855376094,0.05053374797298623
1747972083.9507048,4.782991563151831,-0.13143287427419456,0.052245789227190094
1747972083.972492,4.788238084537095,-0.13472102406656553,0.05175993282775931
1747972083.9895577,4.792781258061043,-0.13396552364831318,0.050497751511226575
1747972084.0109513,4.796853426825227,-0.13616408117961987,0.054981211210261685
1747972084.0312731,4.8061758300209165,-0.12755704286000188,0.05339196792887256
1747972084.0575378,4.826647865957329,-0.1172013910488095,0.05339004879612285
1747972084.078741,4.8422612591538785,-0.08969791259096133,0.052295574453119595
1747972084.0935922,4.85831823232079,-0.06769540998378061,0.052615082576479226
1747972084.1170545,4.886217106078994,-0.05627125730690884,0.054227121009690044
1747972084.1358657,4.918668839494736,-0.03660817354276567,0.05314035034525721
1747972084.1620162,4.940681389817946,-0.017090318463666043,0.053821381335563315
1747972084.1768684,4.9581316800947635,0.0008886772001362944,0.054474758481733686
1747972084.2009053,4.987028760791978,0.017208014074512695,0.05346971584377492
1747972084.221502,5.009336985221781,0.033724860923199096,0.05496198141053633
1747972084.2435858,5.0275015135447765,0.0525157037237542,0.05343096727630177
1747972084.2590492,5.056891826680802,0.06860132051315825,0.05575949980283896
1747972084.2793975,5.082749590097551,0.0891579991379703,0.05393109301912593
1747972084.2987857,5.100871501729992,0.10048455969004078,0.05342534648670988
1747972084.3178053,5.119756401506403,0.12166057715494442,0.052557951481772086
1747972084.3389225,5.1473005775014515,0.14064534768563755,0.05377836423307829
1747972084.3597689,5.172901044971359,0.15770759195116962,0.053992155558877306
1747972084.3801224,5.198155682731453,0.17125183470499933,0.05539136001476569
1747972084.406055,5.221607492598456,0.1976894647151389,0.05557791846166492
1747972084.4280345,5.252517273148725,0.2087781659603159,0.05275671532693945
1747972084.4476495,5.277494610244995,0.22294677959643067,0.051446458496633596
1747972084.464136,5.296192839688164,0.23771927920123836,0.05546679217510768
1747972084.4833083,5.318731318943057,0.2615890630141537,0.0526201001934041
1747972084.5039253,5.342656681258048,0.28252234541932436,0.051644410571992413
1747972084.5236788,5.365034208669839,0.29570311950136674,0.052288657934120776
1747972084.5472317,5.388715836725471,0.31004940791650665,0.056182287432164385
1747972084.566268,5.41538207406454,0.32738454081801993,0.0563999622403961
1747972084.5860457,5.436409018700568,0.3442690503896908,0.05545429276217285
1747972084.603123,5.4568999625760295,0.3643628893831792,0.05530725581271081
1747972084.6231909,5.4811261899405315,0.3852365832398704,0.05549336136809183
1747972084.6435356,5.508180750222375,0.3946188519382873,0.0570067953674635
1747972084.662605,5.5325721243432175,0.41192551401230465,0.0561430232984277
1747972084.6826816,5.551476259245784,0.4309685642435748,0.05126546503491155
1747972084.7073166,5.574365323551151,0.4449484440975431,0.056690028621510465
1747972084.7237566,5.598108532756178,0.46133286053015105,0.060473930619940344
1747972084.7506168,5.628321727538272,0.4768067069659893,0.05752119872100375
1747972084.7654982,5.6517579687773365,0.49283685654634224,0.05861924572167145
1747972084.7903297,5.670553447939506,0.5105071520038956,0.0606972281586448
1747972084.8039875,5.694549626760757,0.5313534351769507,0.060301765246028705
1747972084.827095,5.716380664680615,0.5508181520079445,0.061955611997537456
1747972084.8452222,5.74045703030537,0.5695117852023577,0.058145645976739935
1747972084.86527,5.767308466943509,0.5799074681248834,0.05759269343667369
1747972084.885261,5.784999469743471,0.6005592392619804,0.0619785730069316
1747972084.9075377,5.814927331356015,0.6150506889805599,0.06678824740622391
1747972084.9256866,5.837107915975173,0.6293516658497064,0.05851633977199556
1747972084.9455996,5.85906282108226,0.6559564745881384,0.06103601596814365
1747972084.9685302,5.881315270365182,0.677177724556774,0.06239443463425151
1747972084.9865892,5.904021241218612,0.6900500494114133,0.06287052083508908
1747972085.0070963,5.932680901345824,0.7097787504524236,0.06281719440134524
1747972085.0277576,5.953899472547242,0.7257384669586,0.06363496145641422
1747972085.0481715,5.981771524074536,0.7425704315154922,0.06739609362855684
1747972085.0678875,6.002279100157668,0.7575793042908724,0.06763469267490392
1747972085.0938315,6.019856277172397,0.7813264125238774,0.06497605254468737
1747972085.1078644,6.038149773766618,0.7938702060582712,0.06291976466825192
1747972085.134019,6.064090925429883,0.8172228466318856,0.06588322742629792
1747972085.1506524,6.0872744034588395,0.8376700915039574,0.06576554944512981
1747972085.1721044,6.116980001250476,0.8508653164610415,0.06349812676703986
1747972085.1915598,6.143543991773218,0.8636183039964985,0.06436173306668742
1747972085.2103138,6.166857391788385,0.8768371468396305,0.06827872239812204
1747972085.2300327,6.186864155261686,0.9034369519407232,0.07033518988212709
1747972085.2550604,6.209207730721811,0.9160512914794132,0.06550734805673332
1747972085.2711895,6.2359175610718225,0.9368429717490058,0.06564245646788903
1747972085.2920623,6.257023985769053,0.955911660908365,0.0721738735611073
1747972085.314068,6.2817800818378835,0.9736149603532386,0.07111106211323605
1747972085.3375232,6.3083400793158075,0.9854745062855985,0.07494243510352205
1747972085.353828,6.328116335356225,1.006696803245694,0.07007846516457279
1747972085.3736465,6.355263826591435,1.022105317312118,0.06727611159736797
1747972085.3938332,6.372311842311214,1.0398105619750757,0.07488506169152376
1747972085.4136457,6.406053207256537,1.056941761681383,0.0731339461955583
1747972085.4336987,6.426757166802446,1.0713708245403781,0.07507331183121688
1747972085.453484,6.455382986687697,1.093823240781703,0.07555926148669431
1747972085.475994,6.470832493448135,1.1040993195360007,0.07314510250991159
1747972085.4939358,6.477013146669067,1.1057274343512435,0.07434131186893554
1747972085.5137503,6.492614339393449,1.0991119461150398,0.07640497524956198
1747972085.5376005,6.49418416626728,1.101193692925442,0.07581698226989347
1747972085.557959,6.489764669950423,1.1013247292007515,0.07440489256187163
1747972085.5737715,6.492649694008556,1.1001892560445707,0.07615547189080564
1747972085.5939856,6.490332398275009,1.0985924093657262,0.07489470575409495
1747972085.6132274,6.482809034596151,1.098287895521061,0.07402039629202821
1747972085.6362731,6.492973228041339,1.0969150449510072,0.07453200316229043
1747972085.6532376,6.488171135175769,1.1030270713870407,0.07746413157726802
1747972085.6763034,6.4858722404294324,1.1060838633207373,0.0787476807983486
1747972085.6930954,6.488104410776083,1.1006746842243087,0.07393064489174395
1747972085.7161186,6.488969375880717,1.1029234227952986,0.07577917411916474
1747972085.73488,6.4875795954701205,1.1056679592063796,0.0756397782243874
1747972085.7619383,6.485734073275402,1.1025624214825833,0.0772625191705963
1747972085.7788777,6.489976189364291,1.1034028236877869,0.07415598960532171
1747972085.801968,6.492464015731679,1.1025793566270512,0.07774311308094592
1747972085.823992,6.487381080803808,1.1046279110447097,0.07666504618499335
1747972085.84208,6.4906745400386505,1.1003756231868438,0.07790789001088387
1747972085.8648229,6.4917618578415945,1.0973295653683857,0.07823206645225389
1747972085.883172,6.491117103314125,1.09847244413178,0.07754820435364375
1747972085.903077,6.4922937433710075,1.1001682736808782,0.07627695775858756
1747972085.9234445,6.492879984585961,1.096827563658507,0.07687232512519729
1747972085.9416115,6.494916714993139,1.100168234260538,0.07515708052588525
1747972085.9611883,6.486883493519187,1.1029439270802817,0.07477292142971842
1747972085.9848733,6.487987196000521,1.099120541413856,0.07913407865374464
1747972086.0034075,6.491789052897954,1.0962902685865314,0.07684527096458105
1747972086.0290833,6.495584070568717,1.1053264477113853,0.07657916033004036
1747972086.049707,6.490734712999718,1.1042986355561726,0.07570410956274576
1747972086.0650647,6.492672092638497,1.0976074599667245,0.07380042141539049
1747972086.0877063,6.49477782694693,1.0979762231045629,0.07646032288749074
1747972086.1040387,6.489041966634629,1.1026308951460697,0.07398163374839252
1747972086.1273308,6.493725478118833,1.1002466679462253,0.07531099240880243
1747972086.1442945,6.49120623676592,1.1023745757951482,0.0809764077658557
1747972086.16535,6.4879236558579105,1.1034331688261907,0.08168946520832016
1747972086.1850998,6.488573763823911,1.0995141222853184,0.07636054590196915
1747972086.2057452,6.493699609115819,1.1026050449107199,0.07601765887928982
1747972086.2247446,6.494487988817867,1.0998151971692907,0.07623415690933158
1747972086.2502725,6.486393367971503,1.098767901542159,0.07845595878175332
1747972086.265927,6.4851769691846135,1.103638328174639,0.07731882495576071
1747972086.2881532,6.4859142895506325,1.1039529610312726,0.07782834889728832
1747972086.306146,6.490622074852488,1.1052249998191725,0.075183711229767
1747972086.3254895,6.4962428789431375,1.0941406417183306,0.07781184019368005
1747972086.3465085,6.489630159013496,1.1008293289473179,0.08161529375140131
1747972086.3654284,6.491656313356011,1.0996412261252455,0.07886931927582905
1747972086.3884635,6.492438377778903,1.1005231763998586,0.07708336577206436
1747972086.409893,6.492173864903483,1.1002742366408114,0.07714668116877933
1747972086.4279895,6.486263513032217,1.1001917736663323,0.07519622508257584
1747972086.4553957,6.492194023844869,1.1022049732729204,0.07563247307424649
1747972086.477052,6.494466784283242,1.1018003289446447,0.07710341526779006
1747972086.492518,6.492701994982771,1.1001827169976124,0.07789086665401294
1747972086.514841,6.493775315010265,1.1000881218114817,0.07436498653498363
1747972086.53339,6.496922781059371,1.0982342013020951,0.0798025027706455
1747972086.5570512,6.491546389754808,1.0986166061689442,0.08050530004334687
1747972086.5770981,6.488219056805976,1.1011110835098683,0.0786227511491157
1747972086.6003697,6.491964459106133,1.1011868583428295,0.07893321855634555
1747972086.620598,6.4920971557909315,1.103986909704236,0.08074077761041681
1747972086.6393392,6.499597786131348,1.1000625029300442,0.08019475225900288
1747972086.656351,6.499052363792878,1.1005649599755762,0.07792996717291012
1747972086.6791644,6.496323195341513,1.1005889473306383,0.07380395012394164
1747972086.696729,6.492408168945975,1.1013726597525633,0.07451386917885573
1747972086.7201664,6.489492607429904,1.0998187398692556,0.07784423844044158
1747972086.7387295,6.488553863725697,1.1006206060372064,0.07747603642284638
1747972086.7577672,6.491205154138787,1.1000635058537744,0.07774644672471731
1747972086.777269,6.4954435523595615,1.0970629722484715,0.0769055420060702
1747972086.8002415,6.494178688321654,1.1018651146455247,0.07723401530503488
1747972086.8163168,6.491036447483391,1.102935510495706,0.07643709915997463
1747972086.8384874,6.49168247442087,1.0981448359074013,0.0782642695873122
1747972086.8557696,6.499309248155936,1.0925188655520037,0.07750937417057649
1747972086.8795152,6.504885794298871,1.0919614309454633,0.07673671156123506
1747972086.8978975,6.501002658490333,1.0875293756574842,0.07732676499527515
1747972086.9175045,6.4975578676135495,1.0937436052601415,0.07901953642261292
1747972086.9402797,6.499008252381108,1.0897923867199146,0.07866652665984657
1747972086.9559608,6.497756700939214,1.0900107527065295,0.07651083270670518
1747972086.9779782,6.503225008075816,1.0914243629242515,0.07489077849570619
1747972087.0020072,6.508265803027585,1.0885353235889998,0.07579858178189507
1747972087.025812,6.5092248117417615,1.0869565163872141,0.07659215772450116
1747972087.0429828,6.51142460457178,1.0863373203186693,0.08001873771523955
1747972087.0652728,6.515538282987749,1.0880183055845154,0.07577922947216705
1747972087.0870771,6.511503223972894,1.0854297540879199,0.0789164777663563
1747972087.1049244,6.51098527153108,1.0848357471658068,0.08140123358991704
1747972087.1228964,6.516132808410662,1.0847366588855596,0.0775444927054588
1747972087.1491582,6.52252362576052,1.0852854668442198,0.07702056734452987
1747972087.1691153,6.522380541465098,1.0871184168837933,0.07599235185247666
1747972087.1904387,6.519159242649392,1.090550898252861,0.07584770010598164
1747972087.2048123,6.520824491578825,1.0909308802575222,0.0775768318029596
1747972087.2286608,6.52301738193968,1.084868689323043,0.07415146643595964
1747972087.2443547,6.527200164293093,1.0872222810352485,0.07535453355146567
1747972087.2687173,6.53253249288637,1.0899186334062523,0.07962983773847011
1747972087.2901459,6.535644544924104,1.0891651733643843,0.07703486893931584
1747972087.3045182,6.537989833048731,1.0837902722921684,0.08153703422773229
1747972087.3284369,6.539351009485857,1.0834993589555104,0.08000498634189773
1747972087.3496506,6.535861794504807,1.0856189849143651,0.07583775903625202
1747972087.3645315,6.5384588229301945,1.087495982920097,0.07766907063069177
1747972087.385733,6.542754789950329,1.0917735974375211,0.07711423877253802
1747972087.4078968,6.543429718189845,1.0944440176458434,0.07542263552888365
1747972087.4271839,6.547756002356198,1.0969383977984357,0.08144884395082348
1747972087.4533808,6.553682268411445,1.0898149347439894,0.08276415991277182
1747972087.4730463,6.553769802110346,1.09203916709644,0.0810212338008288
1747972087.4929264,6.552039070663086,1.0941731297970079,0.0775975576401122
1747972087.5108242,6.5520062206355,1.0986234209032908,0.0793594435934429
1747972087.529268,6.556103660935709,1.100580582553968,0.07935979013631435
1747972087.5501351,6.550114683930816,1.0991322111904505,0.07896919688436035
1747972087.5701053,6.55195995346645,1.1076346399823442,0.07819208646744732
1747972087.5963628,6.556075389616903,1.1055366317547564,0.07713809663276315
1747972087.6142735,6.56600096488889,1.104087846392326,0.07988018121131878
1747972087.6310017,6.566272709359095,1.106077367537966,0.07733212736213298
1747972087.6500354,6.56668558495179,1.1066730950668149,0.07683947151756958
1747972087.6699057,6.565316647763906,1.106233320222619,0.08023145886155923
1747972087.6901429,6.569657283146683,1.1068766462711284,0.07920002069184683
1747972087.7101436,6.574968561293623,1.1132097570316024,0.08019021435102854
1747972087.7302403,6.567224559885729,1.1147864889898655,0.0787360367887189
1747972087.7529318,6.565311541682239,1.1174967587918498,0.08100899575429048
1747972087.7752469,6.57374266814651,1.1175883171939427,0.08019429823195513
1747972087.793826,6.571844751704695,1.1186318912869775,0.07936449732650178
1747972087.8122103,6.57100331655682,1.121671910741108,0.07547957884550253
1747972087.8352535,6.571057837209065,1.1235271835404899,0.0795304997176518
1747972087.8516006,6.576535149777945,1.1201075012437565,0.08378118727736576
1747972087.8714955,6.5781279024865515,1.1244886117974133,0.08103236675294295
1747972087.895096,6.577677886154793,1.1300847420045468,0.07837540076676469
1747972087.9111686,6.5760184885914015,1.1301734555928753,0.08080217759512068
1747972087.9326956,6.580388050174275,1.1253130290199473,0.08151215812927252
1747972087.9505587,6.582160832119955,1.131043216268896,0.08298854770914665
1747972087.9704022,6.582853682343978,1.1336039834995784,0.08243177382855162
1747972087.991725,6.5836566254080555,1.1399264965889369,0.08100799242750217
1747972088.0106876,6.581743567810001,1.1376465066654657,0.0813844781202749
1747972088.0342197,6.580494032498637,1.1399942321924308,0.0800193178572086
1747972088.055608,6.574933170733314,1.1427888149585488,0.07989393169615551
1747972088.0752776,6.5726026102875545,1.1494235028170576,0.08011520667504518
1747972088.092066,6.578906718084241,1.149289399315454,0.08401561498852639
1747972088.1185231,6.589702256506513,1.1476796748807678,0.07876456333810274
1747972088.1339812,6.588730322519742,1.1519051526929611,0.08053116287290218
1747972088.156486,6.584501227236686,1.1517055422065579,0.08089150914378983
1747972088.1741846,6.5806670643665335,1.1583314491639471,0.07959038294729232
1747972088.1950598,6.5827756188929865,1.1531951361325048,0.07926892336659537
1747972088.216941,6.585775690217642,1.1533559150226613,0.08139785410225062
1747972088.2391322,6.579866897161732,1.1614353132741246,0.08204782685707726
1747972088.2549968,6.580153466036074,1.1641247553520315,0.0801402578889071
1747972088.2777162,6.583429827705007,1.1649210720940304,0.08037443238927527
1747972088.3021095,6.579427011994469,1.1733831147498321,0.08265130667125895
1747972088.3174782,6.576429253192478,1.1693515028204238,0.08314417199786286
1747972088.3387966,6.570008822066047,1.174980584734129,0.0790691286104545
1747972088.3622901,6.578206187881995,1.1729703103577387,0.08076432451854847
1747972088.3783586,6.579033088843101,1.176554812103008,0.08076091540275844
1747972088.4012678,6.575638652614996,1.183448125943056,0.08477591289920797
1747972088.4210508,6.576212841769405,1.182114382847818,0.08629856585015555
1747972088.4421096,6.575002637618072,1.180802370560958,0.07967808352789889
1747972088.458652,6.574283753962736,1.1860087380876367,0.07971941827257552
1747972088.4794207,6.568619109860129,1.1818766348793324,0.08351074700947819
1747972088.4987783,6.57153446095986,1.1861547049093595,0.08176675855203297
1747972088.5208786,6.5679963438563735,1.187801598338832,0.07851510566134855
1747972088.5382934,6.567808618218595,1.1911683653154876,0.07887210057425909
1747972088.5590174,6.564972776401541,1.1960877714846,0.08051064863497581
1747972088.578584,6.558762140095691,1.1991526286990344,0.08264897707650037
1747972088.5988328,6.563166808329403,1.1953191826441418,0.08014431488452364
1747972088.6248913,6.564495971122155,1.1980263562959892,0.07582399430468469
1747972088.6453025,6.559332527807492,1.2019605670004134,0.08124554083246655
1747972088.6658354,6.554542176551909,1.2031457610834202,0.0836740996757739
1747972088.6813316,6.553814975280147,1.1984902915663802,0.07899410252830975
1747972088.7044656,6.5546042603826375,1.1978301593178504,0.07891954184493677
1747972088.7205358,6.554440124318435,1.195801135187058,0.0810019740342565
1747972088.7425132,6.548181684586889,1.1985396747231216,0.0824744594713041
1747972088.7607841,6.554556486339894,1.2042651202319083,0.07828174919235095
1747972088.7813373,6.551342315929817,1.2054991455900532,0.07911430088873385
1747972088.801988,6.543441543054153,1.2111775963913989,0.07962300896005367
1747972088.8193676,6.54152728773892,1.215466787119216,0.08155504106344307
1747972088.8414543,6.538331815720913,1.2091860976517979,0.08069852904716067
1747972088.859975,6.5422341570037315,1.2054166356172102,0.07748781644844066
1747972088.8800366,6.543155411168878,1.2092908559617197,0.07807297078753261
1747972088.906106,6.5458685158200405,1.205312418120866,0.08446194521962935
1747972088.921882,6.539473505875312,1.2014735424955953,0.08232152149368872
1747972088.9451165,6.533561909604164,1.1873264350088106,0.08251836976771344
1747972088.9661696,6.522110134929534,1.1615952297959895,0.08372078533429221
1747972088.98261,6.499054929993984,1.1388801198207894,0.08023900726088103
1747972089.0050108,6.478604713996789,1.1108158226061544,0.07740711774029665
1747972089.0270479,6.459792746881915,1.0895420960531204,0.07827317551809869
1747972089.0473893,6.436975385757441,1.066206216693486,0.07885919339812195
1747972089.0636256,6.419816571980785,1.054424925924052,0.07899534970216188
1747972089.0848866,6.3957158746114615,1.0335247601424216,0.07974343398366708
1747972089.1039052,6.376978181395931,1.0093804877957853,0.0803430128771899
1747972089.1239176,6.363977570783823,0.9835325175862861,0.07624891191667892
1747972089.1496134,6.341957391217787,0.9633646373632357,0.07419486844073037
1747972089.165551,6.3197408061854095,0.9473666797052946,0.07457892005472859
1747972089.1888187,6.3032850983507975,0.9220454217055355,0.0772604046443356
1747972089.2063205,6.279639654792986,0.9026776574165105,0.07422935724277048
1747972089.226049,6.258722330509457,0.881708607696909,0.07589193738651481
1747972089.2469842,6.238306889468096,0.8596947003681247,0.076032738423293
1747972089.2680547,6.224056823477836,0.834588570695476,0.07575726242167145
1747972089.2948613,6.203551861410844,0.8126360847667499,0.07392961996768138
1747972089.3129613,6.175008671529895,0.7889296707724915,0.07338870505944786
1747972089.3363416,6.151373668054947,0.7664969871220828,0.07528400746473946
1747972089.3529878,6.135066365325045,0.7433948221829931,0.07361640134622005
1747972089.3761587,6.110043379881089,0.7226398511077025,0.07384192935658698
1747972089.3974068,6.091947175800304,0.7032942386068822,0.07269934218635184
1747972089.4154644,6.075333000075076,0.6806533633021662,0.06822737390344166
1747972089.4393184,6.05581544641244,0.6569982461708829,0.07380746086767391
1747972089.4549305,6.0356279455806705,0.6336276863500975,0.07016531325392285
1747972089.478699,6.0116842472016945,0.60830326495256,0.06804077154778995
1747972089.4948492,5.9890862894809915,0.5833803282689798,0.06688879595362349
1747972089.514639,5.975290140020479,0.5577893937413808,0.07166670718332654
1747972089.535694,5.954914360178529,0.5475047384867463,0.06755166170418009
1747972089.5581834,5.94619401170643,0.5493554887756609,0.06797828506655887
1747972089.578502,5.941802256522524,0.5513658621369342,0.0686053342126207
1747972089.5979319,5.948863030862627,0.547174421223437,0.06565209672029147
1747972089.6159885,5.955127507533145,0.5396190053671935,0.07143441240082446
1747972089.6419654,5.957464682553709,0.532278978713249,0.07118415965081219
1747972089.6582744,5.95348135498071,0.5428833682231453,0.0642792180956553
1747972089.6815617,5.953289306106004,0.5453091787560104,0.06931694989954724
1747972089.699972,5.953935901694626,0.5385877029995282,0.06843340091008177
1747972089.7247229,5.952916068205385,0.539034278156283,0.0681839265256961
1747972089.7447126,5.960452815636756,0.5319456424910118,0.06733291821444208
1747972089.7615697,5.961670216027628,0.5305224209206751,0.07045061697426587
1747972089.7841768,5.9602293475167825,0.5271145386506428,0.07126702144547734
1747972089.8021703,5.96324224066073,0.5288042878341681,0.06887942952738826
1747972089.8226447,5.963685926596862,0.5293382356176725,0.06936591716905455
1747972089.844099,5.967125153502073,0.5291321131888331,0.06752471983846363
1747972089.8646648,5.966993903315482,0.5241776340667046,0.0714962520497739
1747972089.8895621,5.970722090317839,0.5198564454260518,0.072087619088391
1747972089.9056609,5.970186589948459,0.5162875604976102,0.06984323312583611
1747972089.9303505,5.9701164669514615,0.5136720060509458,0.06911708649963579
1747972089.9466,5.973408726856789,0.5089559872294956,0.07408374773413529
1747972089.9666579,5.974443426355265,0.5107896199468843,0.07259635964206522
1747972089.988324,5.973175933364474,0.5078637289280794,0.06926379011319685
1747972090.0133274,5.977110484762015,0.5084237942538118,0.06739514892616004
1747972090.0318522,5.980261656254503,0.5042991507386828,0.07382646669243338
1747972090.0537918,5.976962373497156,0.5049390982685567,0.06971309730120237
1747972090.0780423,5.9675282423604,0.5021879908072393,0.06946449412232943
1747972090.096373,5.929301182874043,0.5039022896795895,0.06906432245189677
1747972090.118986,5.905013910858424,0.501414653678925,0.06760980591593793
1747972090.1403646,5.878128285271547,0.5062981203175536,0.06828157965025912
1747972090.1605191,5.847684832047294,0.5053357589297325,0.06854709459704833
1747972090.1760437,5.812590126454506,0.5045023381818176,0.0678801954334076
1747972090.1958408,5.785500286069383,0.4998360584746869,0.06631635246830866
1747972090.2186604,5.763986107515521,0.5034281940314994,0.06298887361044456
1747972090.235499,5.733680435173254,0.5048454079508593,0.06375197206780826
1747972090.2576675,5.710672767137496,0.5015676653128489,0.06779602058316651
1747972090.2754307,5.699141662972957,0.5097858068139904,0.06368931654506974
1747972090.2986019,5.692761122809065,0.5096803583282637,0.0605266713289349
1747972090.3150163,5.6922012637994595,0.5128769125007889,0.06371614569679498
1747972090.3372595,5.6924973992697385,0.5148529483469232,0.06455110430889155
1747972090.358067,5.697606320187616,0.51491875346762,0.06084674225196113
1747972090.3820739,5.69827589993112,0.5167452155096993,0.060316443260557726
1747972090.397677,5.6964560339868235,0.5223892258819691,0.05916379739957131
1747972090.4205282,5.691651570800203,0.5164172308822426,0.06608454475627595
1747972090.4402483,5.689014941042598,0.5222953818517263,0.06389304413345036
1747972090.4600601,5.6862048840986406,0.522502560443992,0.06176569113756974
1747972090.4818182,5.686073762927489,0.5201575991888187,0.06206142875926079
1747972090.5021503,5.680786675754265,0.5201543853509015,0.060555695969694054
1747972090.5198689,5.677825783139134,0.5201672598604917,0.0605480837072292
1747972090.5413837,5.671171578158641,0.5123940852003643,0.06155856785945005
1747972090.5657878,5.672476396272802,0.5078366332244155,0.06142696313754094
1747972090.5847607,5.673043951056365,0.5110799714521107,0.06294503129046572
1747972090.6096578,5.67019547979977,0.5091513063541088,0.06403047313808302
1747972090.6266737,5.670560013484569,0.5093715682362182,0.0631081671904865
1747972090.6534393,5.6660840571790585,0.5176032509259088,0.062246975716938505
1747972090.6737082,5.659092047193115,0.5149201807062826,0.06507873881911312
1747972090.6966214,5.655742411148331,0.5134458510713307,0.06278442101327396
1747972090.7159197,5.659432752203567,0.5155677540970955,0.060992208546647546
1747972090.7423832,5.6564322037340755,0.5130498561522209,0.059557850675060905
1747972090.7604625,5.6599845119436,0.510059199330803,0.06319880128543867
1747972090.7818892,5.65677506445426,0.5137152617741457,0.06451844356530552
1747972090.805254,5.6469207650195665,0.5224288355315125,0.06072643054275387
1747972090.8327794,5.648908997378033,0.5219741849722768,0.058951226345989836
1747972090.8585901,5.6521513084667445,0.5209440550915074,0.06418689972688758
1747972090.874232,5.652123723951527,0.5229476777962635,0.06429032361581866
1747972090.8966393,5.646229540651881,0.5259261532526107,0.06262067457993559
1747972090.9148636,5.644382668215725,0.5180656747955731,0.06209238937314241
1747972090.941574,5.642224782167566,0.5208911399701279,0.059546625160475826
1747972090.957175,5.639920161050724,0.5201701376270206,0.06087495939915798
1747972090.981663,5.632527258049827,0.5252740854392369,0.061784855994763216
1747972091.0004597,5.633389762398865,0.5236470431093069,0.061716494361308875
1747972091.025906,5.633523936177582,0.5268824244382311,0.0612341859052352
1747972091.042799,5.6308162448067565,0.5273245162997462,0.06405818825889907
1747972091.0697093,5.627344919011006,0.5229110997933407,0.06280894280548405
1747972091.0842025,5.6259020164039395,0.5200961626081207,0.060459910351753104
1747972091.1046555,5.627665783305482,0.5251353628916761,0.06210730053954472
1747972091.1254237,5.623413293253602,0.5238244608687974,0.06213679606345061
1747972091.1490712,5.619200095012713,0.5261282228893408,0.062028360345784614
1747972091.172298,5.616685411614069,0.5230275735183667,0.060491693709924
1747972091.191469,5.61639135496027,0.5228593406721816,0.059564054331828147
1747972091.21815,5.61283818687883,0.5156822109717312,0.06647949991385223
1747972091.2416291,5.609574202008447,0.5198358896475986,0.06448314141865338
1747972091.265439,5.603238392386352,0.5212353014630169,0.06295083737089115
1747972091.287016,5.607670587266424,0.5215993159325788,0.06276357392642162
1747972091.3055925,5.605846153203393,0.5188493745519336,0.06359720562736149
1747972091.330877,5.6030469511954415,0.5141635838158307,0.061037329591766075
1747972091.3461087,5.599727952960077,0.512246375868605,0.06237376335079105
1747972091.3743715,5.594897923121511,0.51584851809028,0.061351742980620586
1747972091.3929303,5.589563517618281,0.5140549849186887,0.06047947831153664
1747972091.416492,5.590769589191711,0.5062629847154609,0.0634859955902323
1747972091.4394557,5.600693714465586,0.504469924911877,0.06207963970599598
1747972091.4592826,5.5914808189249605,0.5081807694044341,0.05987124324561563
1747972091.486637,5.582221818901487,0.5080356217566082,0.06183312467108682
1747972091.5024743,5.579218909318876,0.5058424949233647,0.060242035669232016
1747972091.526919,5.579864580494355,0.5038329652000987,0.06066951908672469
1747972091.5505419,5.577499151075004,0.5018958376065586,0.06166673664862658
1747972091.5688608,5.58279238505035,0.4996585927317813,0.06210606471400354
1747972091.591162,5.592350901784467,0.48823776980146893,0.06100967416450677
1747972091.6142871,5.609768473543905,0.4659883558366785,0.06213426626305259
1747972091.6318288,5.621158188825457,0.4464943708451232,0.0636960277229314
1747972091.650771,5.629480640952321,0.4218052238768558,0.06427632685339653
1747972091.6769953,5.643475289490512,0.3934915463842498,0.06484032257444332
1747972091.6927123,5.662229496497223,0.3672451453148626,0.06266869117821361
1747972091.7182825,5.679758263113386,0.3415818362356376,0.06694784817056869
1747972091.7351444,5.692308630619115,0.3183761744383768,0.06417757229748737
1747972091.7584968,5.691452968226231,0.30785164237666857,0.06526262569129784
1747972091.7820928,5.690032297006013,0.3012374988162196,0.0652157672840002
1747972091.8036783,5.689351098575172,0.3006031732980674,0.06262167184671348
1747972091.8233888,5.68621238584046,0.29856739492570616,0.06353008899039404
1747972091.839439,5.681591362192362,0.29839077551592585,0.059852079889590376
1747972091.865288,5.683821842683009,0.29999181129359487,0.06655460080347983
1747972091.8873591,5.678306901957322,0.3010918213327945,0.06618872905754188
1747972091.9047909,5.679041472242017,0.2951693065900505,0.06332131257169321
1747972091.927283,5.679892076581265,0.2925194335471196,0.06348943486449517
1747972091.9516487,5.677115686565564,0.2877042447141087,0.0643309354566951
1747972091.9690683,5.678046048124678,0.2858498038407161,0.06509678249862591
1747972091.9861891,5.682007294322236,0.2800254682301011,0.06355010887323884
1747972092.0072079,5.684166115751777,0.2778233678356722,0.06527296563347348
1747972092.0292594,5.700536671141513,0.25881686682542976,0.06675472120848527
1747972092.0517638,5.727191845059818,0.24602595610138792,0.06587695579717132
1747972092.0747266,5.750766220351218,0.22566811591341032,0.06892405908646666
1747972092.1007323,5.782804264333703,0.20166105580960586,0.06776248549141017
1747972092.1204474,5.808223353135549,0.17706328911493646,0.0728016274712045
1747972092.1450734,5.83700294319347,0.16389366331133112,0.07155280547846507
1747972092.1626155,5.857139114852477,0.14754321454812794,0.07287895910453314
1747972092.1831968,5.881299354173051,0.13307244492420064,0.07080664858047281
1747972092.2062962,5.905660410260943,0.11744796597928128,0.07325579486184869
1747972092.2304327,5.9359524726576005,0.09355060870481312,0.07510651356993996
1747972092.2528598,5.961987309956843,0.06898840990158377,0.07440141181549088
1747972092.2738276,5.986932598955698,0.05364959469457189,0.07663089624511532
1747972092.2986982,6.014801945470178,0.03982265055649982,0.0755923010244007
1747972092.3211892,6.0341033920342815,0.0234411798634286,0.07612114312055165
1747972092.3457572,6.055761946690386,0.0031514832497053927,0.07890633530149432
1747972092.360828,6.084630567852391,-0.01691809665734203,0.08197227554728785
1747972092.384481,6.109748953209045,-0.04649212578152685,0.08102148225729425
1747972092.4052393,6.1394611327323405,-0.06105599264748765,0.08198256729982378
1747972092.4245605,6.16261657109729,-0.07467033277844787,0.08274206821571277
1747972092.450565,6.184186194205612,-0.09686124590169722,0.08161009924461449
1747972092.4689238,6.2083578092437985,-0.10983648063138204,0.082862444455945
1747972092.489661,6.228795883643066,-0.12398499570756676,0.08286085670463933
1747972092.5087583,6.256730755117688,-0.14831827569279937,0.08621254146375282
1747972092.534487,6.276401792868841,-0.16004027182583613,0.08892867610236349
1747972092.55037,6.312209638569258,-0.18804788480530407,0.08850387371859963
1747972092.5703433,6.339997987045844,-0.21051044755234036,0.0855182607867033
1747972092.594309,6.3618499273032505,-0.22789756258705582,0.08338287336835351
1747972092.6147473,6.386125777903898,-0.24543795822584571,0.08919588408506482
1747972092.6358323,6.40588035256228,-0.25479738131946783,0.09092958493517869
1747972092.6550388,6.423539432022427,-0.2737210761122374,0.08755343406729026
1747972092.6792376,6.448388052442877,-0.29397373062079973,0.09014439290856796
1747972092.6979942,6.4791029266295075,-0.3191396055743462,0.09216550833657383
1747972092.7176092,6.50020439187458,-0.33460105196798984,0.0889139871887463
1747972092.7393327,6.529280753938523,-0.35294102430169816,0.09115192053133446
1747972092.7629845,6.566755535463679,-0.379535434852322,0.09173954460721866
1747972092.7789776,6.5854223109878856,-0.39474373499269244,0.08887514186217478
1747972092.7986717,6.6013174067121465,-0.4084258633624923,0.09239361759810523
1747972092.8182561,6.620636513175336,-0.4244199354021697,0.09494962966756493
1747972092.8410046,6.639811990099167,-0.4410720494962005,0.09060155559233576
1747972092.8593743,6.668756614484083,-0.46386270486975695,0.09325743350521606
1747972092.8799329,6.696176576287293,-0.47457556956471203,0.09413296215515948
1747972092.902015,6.717320076969272,-0.4916396088317876,0.09440462736717593
1747972092.9263966,6.744257996606036,-0.5112663285838197,0.09971592060901484
1747972092.9413989,6.7657362392451645,-0.5305786327166976,0.10119594375185625
1747972092.963073,6.790232308901746,-0.5499905556616849,0.09690544642413082
1747972092.9841492,6.811414818270511,-0.5676832805859333,0.09809675548255754
1747972093.007375,6.845572131685492,-0.5826554714757307,0.09722924383233296
1747972093.0242708,6.865467394081079,-0.6076044402574154,0.0945350873231555
1747972093.0442345,6.884240486595761,-0.6239575257885934,0.09695073468047202
1747972093.0662558,6.911044015003265,-0.6447664139250279,0.10139020140161191
1747972093.0908751,6.932139498396594,-0.6562305001892166,0.09841891547584422
1747972093.113815,6.959564697312994,-0.6729351623226766,0.10180379032884512
1747972093.1284413,6.975420161648602,-0.6889972326911991,0.10101521596050939
1747972093.1530664,7.013921433152894,-0.718152183677777,0.10552322375606639
1747972093.1771047,7.047853563490189,-0.735893741518288,0.1040111149464513
1747972093.1968322,7.070000018854348,-0.7501843947702865,0.10152723216159763
1747972093.217273,7.093465711247035,-0.7685822737675293,0.10365877930181414
1747972093.2374434,7.1194531661056075,-0.7958879920388445,0.10712594427871378
1747972093.2584782,7.142582265018057,-0.8154603410657726,0.10814562010284776
1747972093.276772,7.163198563172255,-0.8229281302713773,0.10581623294844167
1747972093.297244,7.180212270168431,-0.8346867782141076,0.10564103933531692
1747972093.3170726,7.201569290472537,-0.852066040580255,0.10367535288554744
1747972093.3392181,7.22145497024439,-0.868920797929091,0.10496883881358776
1747972093.3555675,7.251976649880198,-0.8873488398034839,0.10851082640602587
1747972093.3742135,7.278889651923639,-0.9100704247024336,0.1065814845210267
1747972093.3948917,7.300822488897336,-0.9244869532216511,0.1119830588517606
1747972093.415475,7.321741825322523,-0.9450170829227688,0.11369206053163805
1747972093.4342272,7.355044716506455,-0.96622576633881,0.11233397991365837
1747972093.4543803,7.373167947010426,-0.9753399455015486,0.10820031980598649
1747972093.4745815,7.392867366883852,-0.9967265424459479,0.11110453809134645
1747972093.4948008,7.414987786246145,-1.0106385495231365,0.11217213167822206
1747972093.5178041,7.434890482935288,-1.026461161160648,0.11152078020547539
1747972093.5371263,7.455320114071207,-1.0402805375725186,0.11040594931273318
1747972093.5575945,7.482453753747485,-1.054506393761725,0.1160641907975791
1747972093.575003,7.509744353290558,-1.0767781350747045,0.11911194500943542
1747972093.5994997,7.532848204156558,-1.0958157521689356,0.11783706471237816
1747972093.616115,7.566314807529286,-1.118327312998848,0.11472559459157275
1747972093.6396816,7.582394098250611,-1.1372341908318022,0.1189876353969766
1747972093.6563401,7.604069129307532,-1.1513214770127935,0.11796113383131435
1747972093.675493,7.638429185911869,-1.1696517089287122,0.1196824677690196
1747972093.70092,7.656338549566544,-1.1921589058404327,0.11814957563596405
1747972093.7216966,7.681739923899941,-1.2113924494553372,0.12155432862567803
1747972093.7354207,7.699917362462431,-1.2209790064309827,0.12057091279390801
1747972093.7557616,7.729627341669483,-1.2433336575269913,0.12158507104396546
1747972093.7755451,7.749220967568875,-1.2592809593673602,0.1225035904352024
1747972093.7959192,7.778966575306952,-1.281306786757449,0.119611512128221
1747972093.8170478,7.804446164866658,-1.2984107138372034,0.12329748271202799
1747972093.8404002,7.822528465786552,-1.3160453747468426,0.1272129765307476
1747972093.8604765,7.835781546791151,-1.3290110913816648,0.1269541446793361
1747972093.8775597,7.866910072767142,-1.3415522280574916,0.12540794112633022
1747972093.9009495,7.887723545094582,-1.3559285520244198,0.12928570292885513
1747972093.9188874,7.906258843015337,-1.3721664015084776,0.12728619720730103
1747972093.9402056,7.927881784820403,-1.3881266845162565,0.13058284069337195
1747972093.9569294,7.950867098167476,-1.4049987470718306,0.13458322156205188
1747972093.981627,7.967506347482248,-1.4211188538691237,0.1360666612848055
1747972094.0025465,7.99023621348839,-1.4325767842736319,0.13657186557639525
1747972094.0169814,8.014968156599974,-1.440104331904988,0.12879271593178881
1747972094.040988,8.036823436824118,-1.4559517056458156,0.13179106367454285
1747972094.0577154,8.055572011900429,-1.4650131517637512,0.13037718030031056
1747972094.0831761,8.08241331186919,-1.4864277422364165,0.1338247506930296
1747972094.1040232,8.110298028325232,-1.507035666415182,0.13374411909649
1747972094.1191847,8.125655420957047,-1.5256228476570242,0.1308379630617868
1747972094.1396446,8.146382804383922,-1.5333965867756154,0.13670782329725553
1747972094.1599166,8.168157914514419,-1.5525826666048872,0.13857117590838383
1747972094.1824064,8.188432034113866,-1.5699184776677526,0.13994211530818718
1747972094.1975617,8.197844598860051,-1.5807791096170205,0.14204763917822336
1747972094.2222848,8.221865765397538,-1.5937500348838745,0.13696765065416502
1747972094.2380893,8.249870461704516,-1.613941292847171,0.14051299484272228
1747972094.2620392,8.27617061304582,-1.6302188491794107,0.14406043867637544
1747972094.277099,8.299996094016873,-1.6440886903257819,0.14291945189073546
1747972094.3005953,8.32034839655525,-1.6648205734354895,0.14269744360617387
1747972094.3225112,8.344200372037976,-1.6822166968799857,0.14610059384669638
1747972094.3378813,8.363514360981405,-1.6973620066076653,0.14481609632122233
1747972094.3622231,8.389686592253067,-1.7141280067624831,0.146827124300885
1747972094.3768752,8.41657050197199,-1.7374875851492784,0.1501045331556579
1747972094.4029067,8.442635147793487,-1.755110750498383,0.14743727575192608
1747972094.420473,8.466230533214729,-1.770501988100469,0.14998148332758493
1747972094.4378562,8.491458143524337,-1.7901279233765472,0.15168195776271243
1747972094.4625597,8.510603105810436,-1.8066444752453736,0.14848621054741126
1747972094.479118,8.538723321430814,-1.827902212270029,0.14687684025021652
1747972094.4989588,8.55748943088663,-1.8385713401924662,0.15046542918020955
1747972094.5182357,8.57799109772061,-1.8625087178337112,0.15162139697716953
1747972094.5393257,8.600347791922864,-1.8745234106119397,0.15718993778126492
1747972094.5583334,8.627631328760893,-1.8927031952139544,0.1601713469864014
1747972094.5792375,8.644230805091205,-1.9111863840032433,0.15384701718310798
1747972094.6002252,8.667707624324596,-1.9254699365580545,0.1548506344005841
1747972094.619694,8.686048095147088,-1.94299803304439,0.1567597125890113
1747972094.6449742,8.711333332365767,-1.95480595505984,0.1576582692676607
1747972094.659998,8.73746538205912,-1.9723692569096414,0.16177568587122595
1747972094.6859825,8.757478438649917,-1.996280172022978,0.16216865132728897
1747972094.701349,8.786736498883833,-2.01262124488048,0.1662918755720289
1747972094.7236822,8.80955071892867,-2.027154999717425,0.1602169129255106
1747972094.7408273,8.832136679709365,-2.0463366155647424,0.1594533695429861
1747972094.7639196,8.848743898532058,-2.05929671301972,0.1603961486506081
1747972094.7810037,8.872481053085712,-2.0759162144700865,0.16313782208982627
1747972094.8047283,8.902403222290546,-2.09569102985076,0.16557528891506124
1747972094.824336,8.93288387947508,-2.115306697616176,0.1667532229188474
1747972094.8451111,8.948755763012239,-2.1264465756850894,0.16754574706916175
1747972094.864772,8.972447945643097,-2.1463845371679793,0.16990150298384485
1747972094.884548,8.99487958818786,-2.1598995377592436,0.17169705469792146
1747972094.905856,9.012536983820468,-2.17431347418363,0.16970799057113348
1747972094.9237552,9.03456808011806,-2.190598129146799,0.1721965757648421
1747972094.9423938,9.056935221788969,-2.2013901996121796,0.1716499334381056
1747972094.9624157,9.083435580113722,-2.2269022799570415,0.17286754803128498
1747972094.9836454,9.106959629260315,-2.244147825370938,0.17124171830666046
1747972095.004294,9.13218126254688,-2.2609617874395025,0.1763780372277298
1747972095.0293524,9.153063323601497,-2.2749135470101605,0.17413855707383344
1747972095.0480537,9.182470267601657,-2.2946691139124953,0.17525447377415157
1747972095.0637944,9.205922971545295,-2.3105871463954153,0.1790196322479281
1747972095.0876656,9.228199786980374,-2.3328972506195726,0.17907447655942793
1747972095.1045973,9.257553599549045,-2.356057858123761,0.17798094394232108
1747972095.127618,9.275475771354284,-2.366797264498425,0.18080573965970217
1747972095.1448035,9.295654216777498,-2.387997233584198,0.18166927016147544
1747972095.16832,9.319020961533685,-2.404288337467322,0.18289103305115006
1747972095.1882827,9.33938297838671,-2.4171775303024616,0.18315313033975067
1747972095.2097077,9.357532798318848,-2.433694194410283,0.18361507302174487
1747972095.2245054,9.379408367294783,-2.4485633964319007,0.18510844307023724
1747972095.2489102,9.407034368445387,-2.4636025725008373,0.18796621341741881
1747972095.267613,9.439119225937338,-2.485111739590302,0.18922794258980183
1747972095.2882097,9.470219698924367,-2.506916532024021,0.1876770467291666
1747972095.311516,9.500598263363875,-2.530856191428104,0.18794647029785486
1747972095.3332887,9.524622959973232,-2.5509290922224643,0.18932131024109752
1747972095.3547494,9.54366364892993,-2.551658144510317,0.19227702554419032
1747972095.368734,9.557829388823505,-2.565568405723781,0.19369560568072117
1747972095.392235,9.574236120734222,-2.57734347684376,0.19754247470369862
1747972095.4100676,9.586522312885092,-2.591345963075743,0.1921066668870633
1747972095.430651,9.615605903420109,-2.6117268527797437,0.19168757904588166
1747972095.4507565,9.6397368691858,-2.6280221468810097,0.19645809839822737
1747972095.4705462,9.671193555444434,-2.6451599773118013,0.19817355548944499
1747972095.4917278,9.695121768125656,-2.6593556696531886,0.1984259739026297
1747972095.5116386,9.718512265338276,-2.676838066066727,0.19879802194756774
1747972095.5381227,9.741732730333254,-2.694978987335505,0.19918503416649022
1747972095.5533473,9.760431744542702,-2.7110906659571103,0.19929839007244665
1747972095.5754917,9.785693151709403,-2.726618108126478,0.20133701246280983
1747972095.5928028,9.816230152931567,-2.74809325680973,0.20108283836576582
1747972095.6158173,9.84606824269448,-2.7744377972577148,0.20374653360576056
1747972095.6339543,9.873019582488318,-2.790035566176628,0.20493153902559216
1747972095.6539621,9.890972973669902,-2.80971492638118,0.20356485142422864
1747972095.6750464,9.911593782846962,-2.8174407553995304,0.2022103465156908
1747972095.695115,9.933855052274565,-2.8391199177344184,0.20746418722388665
1747972095.7148635,9.959613483402327,-2.85411054502253,0.20979305112570093
1747972095.7356472,9.974885223584836,-2.8669388322491853,0.20903443682828537
1747972095.7559748,9.997250013851032,-2.884870662621724,0.20809997029316535
1747972095.7814865,10.016376943795883,-2.904788993747833,0.2103592864730539
1747972095.7976923,10.040994822180348,-2.919597038933787,0.2136391486772332
1747972095.815108,10.070943924791074,-2.9418636039377044,0.2116810629509911
1747972095.8360355,10.093565504803848,-2.9601843074366436,0.21109469007481507
1747972095.8575115,10.122254605564345,-2.983472261276911,0.2145256377956765
1747972095.8811162,10.14097718739064,-2.998788660204189,0.21369154894562203
1747972095.9017508,10.165144705664645,-3.0132828995832153,0.2154223566856024
1747972095.916516,10.19037865881565,-3.030480119055353,0.21626789040673722
1747972095.9396064,10.207586982428046,-3.041035869135521,0.21541637687244813
1747972095.9560256,10.228101916829818,-3.057048549122819,0.21629793545859213
1747972095.9777486,10.254194648458055,-3.075826512982304,0.21604756834293334
1747972096.001748,10.28217104340993,-3.0930108081283776,0.21660137278068223
1747972096.016077,10.30145122145065,-3.1103399676972776,0.22112102801475253
1747972096.0398302,10.322285238353798,-3.130848474323772,0.2218401562380027
1747972096.0553489,10.346011471793622,-3.1449639768212596,0.22397933599074904
1747972096.0774374,10.373063624015927,-3.1696536367430954,0.22369350565981738
1747972096.0976799,10.400882475885723,-3.1921874423879997,0.22253809971238636
1747972096.116739,10.430178792958445,-3.2110503306325135,0.22509617049669045
1747972096.1409972,10.458841885119012,-3.228155473818931,0.22298520291018176
1747972096.1592221,10.482543151534431,-3.2443934701351473,0.22356781757253785
1747972096.1801136,10.501809603060535,-3.256541512145165,0.22926578627327965
1747972096.199583,10.518669715745833,-3.267715287004516,0.22847382260433774
1747972096.2256706,10.534710475660438,-3.28931542121126,0.22901649192739695
1747972096.2441604,10.558047392848787,-3.303905346511862,0.2275727530450471
1747972096.266548,10.58315431556284,-3.31492976645997,0.2314605157001893
1747972096.289299,10.60317973116079,-3.3344425086496825,0.2318372415991957
1747972096.3095388,10.62797308456721,-3.352880350610077,0.2324385751455509
1747972096.3304677,10.659078089695123,-3.378355212592643,0.23869440244655935
1747972096.3472831,10.692646636788753,-3.400859128915785,0.23650486776939678
1747972096.371533,10.714614330232944,-3.4168622968795614,0.23145098288260388
1747972096.3896623,10.738768935362868,-3.4338199652304775,0.23733113265996425
1747972096.4126348,10.762403909217545,-3.454421121740833,0.23859010596959537
1747972096.432051,10.784959714290808,-3.4652243507168174,0.2420796836068978
1747972096.4536963,10.812236443598715,-3.4848039060021865,0.24102289748964795
1747972096.4707296,10.838176170934299,-3.5054275709868414,0.23785076058199367
1747972096.494914,10.860822257512533,-3.525672623281388,0.24257302278497078
1747972096.5117075,10.883244343501584,-3.543825226462335,0.2458044678348856
1747972096.5396528,10.9128866242491,-3.5647390635330454,0.24510780980116498
1747972096.5565648,10.937260664018847,-3.5809166220468183,0.24476451737995697
1747972096.5802226,10.958094194695635,-3.5909073825179543,0.2469519205311014
1747972096.5964847,10.977599019189405,-3.608441231725509,0.24650665364045043
1747972096.6154344,10.99847780267859,-3.624393304591835,0.24791256156858724
1747972096.6354322,11.025527532131283,-3.643470989647965,0.2481585412111472
1747972096.654509,11.054716781992358,-3.6692088884130785,0.2510311300395871
1747972096.6752853,11.084628098772308,-3.6871133451745,0.2533966922915222
1747972096.6952608,11.104493753337547,-3.705860750185454,0.2545788906344092
1747972096.7187197,11.125600012242996,-3.719431181819779,0.25300770623040497
1747972096.7348638,11.140612457957406,-3.7341579939849674,0.2521057036247088
1747972096.7573328,11.170045901123851,-3.753984854014332,0.2541657707687298
1747972096.7750003,11.193730302482733,-3.7679221785578254,0.25857988534200277
1747972096.7954543,11.21563048413791,-3.7864058597848405,0.2596084341210189
1747972096.8154397,11.238905368399916,-3.806256441151339,0.25943782181503894
1747972096.8349693,11.259864734260285,-3.8218634914459164,0.26245049680614146
1747972096.8610468,11.288630343653127,-3.848280900737398,0.26544381061889
1747972096.8803904,11.306844942583297,-3.8613380624512086,0.26023521249863396
1747972096.9010246,11.325745610682002,-3.868193265058926,0.26220838304879046
1747972096.9167283,11.347471624366433,-3.8846031501809315,0.2647594335191894
1747972096.9371166,11.364671134539522,-3.90097946344338,0.2644650764085869
1747972096.9602304,11.391465529386275,-3.9179030488921254,0.2694516381129625
1747972096.97705,11.414106687235657,-3.9376278705806786,0.2687944377368012
1747972096.9966743,11.439102618847054,-3.958022091881925,0.2701362435175703
1747972097.0183537,11.466730520369307,-3.9732419157606897,0.271323002106995
1747972097.0384016,11.493329837295656,-3.9893438440860125,0.27191220483042866
1747972097.0575001,11.519177483631697,-4.0084198028229965,0.27387367027113296
1747972097.0783541,11.54429712020749,-4.025533363910104,0.27781413265884086
1747972097.0987341,11.566526616401392,-4.038179571603462,0.27612520494974113
1747972097.1202571,11.59145525304946,-4.062292605100248,0.27731583152394407
1747972097.139942,11.615019032230572,-4.081729556930078,0.2771661611896412
1747972097.1680436,11.638672483678933,-4.1043041866847485,0.2806121849732027
1747972097.193776,11.673630728459349,-4.119088571695024,0.2792986319263637
1747972097.209088,11.69325201767342,-4.138192068062367,0.2824163659042126
1747972097.2273707,11.71017369330806,-4.151020695491791,0.2840450760985106
1747972097.2467182,11.73927730208986,-4.176259708494586,0.2861096494726141
1747972097.265994,11.761646413690315,-4.194701428117769,0.28611277790955814
1747972097.285474,11.789058591251361,-4.211741152580535,0.285843420643183
1747972097.3093803,11.815496564297224,-4.2283604581154055,0.2861314459691923
1747972097.3261383,11.834007108787816,-4.244083386722974,0.2910032148416426
1747972097.3460026,11.860689024308344,-4.257483526498797,0.2920707146846906
1747972097.3663774,11.880377872992153,-4.267474262564796,0.2919661996149518
1747972097.386757,11.905059686111905,-4.28472369489093,0.2900577453178035
1747972097.4077208,11.9245657235463,-4.308033168666376,0.2926163508299669
1747972097.4278722,11.947139875719676,-4.324394403349138,0.29637760270829605
1747972097.4476585,11.967814172988426,-4.338033837592344,0.2955631332760428
1747972097.466552,11.985771421446636,-4.3472526309537844,0.2953960387847987
1747972097.4859908,12.00738640639685,-4.368349963676853,0.29702190596293304
1747972097.50629,12.025279422866227,-4.380415281900599,0.2976024017848665
1747972097.5261493,12.056622683942903,-4.4010305403773895,0.29930389987600703
1747972097.5471058,12.085195652187805,-4.422278566254196,0.3013497888273558
1747972097.574188,12.116532805942406,-4.447052201172368,0.30620812498963895
1747972097.5905902,12.144081902328024,-4.471633130332072,0.3082280497939069
1747972097.612502,12.169824480407629,-4.49068866377448,0.30421228562665337
1747972097.6295598,12.187726534453171,-4.502117510633669,0.30615215740949736
1747972097.6519623,12.212159573557761,-4.513528645736845,0.30945208501437627
1747972097.6679642,12.23682749361154,-4.52984630228295,0.31026650606555584
1747972097.6917744,12.25936143631306,-4.544930283371753,0.3128337807919241
1747972097.7079105,12.272674681446633,-4.5562106955123785,0.313549370095476
1747972097.7342699,12.298088991724041,-4.569999666509148,0.3108601171701929
1747972097.7493966,12.324157582196309,-4.591936782467592,0.3094150432637114
1747972097.7729914,12.348621948125588,-4.612460246123337,0.3115653584095301
1747972097.7931736,12.37560874446549,-4.628720770712933,0.3134871635394335
1747972097.8116076,12.40245692698852,-4.648835289871545,0.32052371312562067
1747972097.8361886,12.429633574970541,-4.673555717808312,0.31974661848518354
1747972097.8567467,12.44894690287543,-4.682797196813924,0.31571195817352066
1747972097.8792634,12.461793664266708,-4.693320311368305,0.3189825944534745
1747972097.896959,12.483306262412627,-4.711341843050935,0.31872024510847174
1747972097.9144304,12.508965983786373,-4.731823838349505,0.3192388129815154
1747972097.934531,12.539534994849626,-4.752046003634465,0.3246156050259794
1747972097.9554505,12.570353804824487,-4.773479156378376,0.32771133207114306
1747972097.9771354,12.590737328842126,-4.78702698574088,0.3226742389532732
1747972098.0000644,12.612688829910416,-4.801428038549503,0.3277885160176913
1747972098.0195827,12.635300711498015,-4.814704489436839,0.3259219104630975
1747972098.0353975,12.646677935169405,-4.82490585893497,0.32669953245794386
1747972098.0588772,12.668749546431249,-4.840119533238448,0.3300097916602763
1747972098.0790403,12.687890556337832,-4.85180384206066,0.3315128986109897
1747972098.0966144,12.715823678800025,-4.876250288167152,0.331499417091186
1747972098.1202266,12.743562038094906,-4.898633083996881,0.33403823112216213
1747972098.1398466,12.771342861797203,-4.917300694023206,0.3377168079053278
1747972098.1579292,12.800705569380764,-4.936733377500899,0.33472799148511795
1747972098.1777575,12.824813140278689,-4.961335713343516,0.3357235195349095
1747972098.1994803,12.853474736474817,-4.978365969725111,0.3365489888837749
1747972098.2185102,12.882618916737963,-4.9977781252280264,0.34095933206740564
1747972098.2394948,12.89899082394322,-5.012047959762052,0.3424444214545317
1747972098.2598672,12.924165533384633,-5.030122807810152,0.34462303428903346
1747972098.2778625,12.946515881394172,-5.035184407327499,0.3446150322691017
1747972098.2982626,12.964142071660293,-5.049442303326765,0.3428307989790038
1747972098.3180034,12.97253794573633,-5.065302507718803,0.3414151600489981
1747972098.3425143,12.99812728873595,-5.085012693969839,0.349466837954292
1747972098.358548,13.026083534127157,-5.10651970046272,0.3505421372227639
1747972098.3805635,13.043940388471652,-5.125719779541089,0.3481648670594395
1747972098.4003823,13.074414513453924,-5.148374319084248,0.3491645369975032
1747972098.4230003,13.103203994823994,-5.164117542682495,0.35107908672746224
1747972098.444782,13.13377809943441,-5.185823930248555,0.350496389424797
1747972098.4624197,13.158625639471706,-5.206205489599781,0.3566091155584507
1747972098.4828773,13.18209443510557,-5.227369220936435,0.35534327641016616
1747972098.5022275,13.206147920327044,-5.2441074816791975,0.35780313648057105
1747972098.5222013,13.226535286507387,-5.258257753318218,0.35824592841350705
1747972098.5422356,13.24765344343804,-5.272507234129402,0.3585566756701856
1747972098.5622633,13.263884856912613,-5.287827456152224,0.3586397357726006
1747972098.5832195,13.295134372691717,-5.304176789334463,0.3657003791526376
1747972098.6034832,13.324585559387472,-5.3274151534377605,0.36477161053097745
1747972098.6233819,13.34592167421536,-5.34911487670353,0.3604090542476762
1747972098.6427429,13.36818954517899,-5.36589542068724,0.363603810512464
1747972098.6660671,13.398906376200275,-5.388301223229032,0.36885535737922887
1747972098.6820657,13.423738636411683,-5.409646259854381,0.37266599929729827
1747972098.7062314,13.444648724785504,-5.417891333625011,0.37097867927435807
1747972098.7226279,13.473949783761345,-5.4381196265826715,0.372053453467643
1747972098.7444293,13.49091891818987,-5.448237046031815,0.3715181948863246
1747972098.767224,13.506361226634768,-5.462177220759684,0.37223805328106757
1747972098.785095,13.529693205702175,-5.485778287137225,0.3778201567239176
1747972098.8070195,13.556272264573565,-5.499088082812725,0.37618669681463324
1747972098.8257446,13.581881374071909,-5.517921257215441,0.37938740119933495
1747972098.8471735,13.608242451977262,-5.540548441188261,0.38026683666460614
1747972098.8707736,13.633725048862386,-5.565137771123029,0.3796510637461627
1747972098.8903754,13.661396515591193,-5.583761502034181,0.38016951738465493
1747972098.9112747,13.686831994832561,-5.60139207726932,0.38166710325873426
1747972098.930084,13.70967303619034,-5.61450230911709,0.38231560355900235
1747972098.9505115,13.733644632938475,-5.6270838756886645,0.38626241693934615
1747972098.9698076,13.746100859157536,-5.636224134834125,0.38587718729659753
1747972098.997799,13.7618013044876,-5.649398875194071,0.38644722075748755
1747972099.0112202,13.775638543081767,-5.658599846482053,0.38931611527833915
1747972099.0348017,13.7991737713161,-5.673709810490227,0.386068238546178
1747972099.0509386,13.821159019031043,-5.689337489594214,0.3897906394217221
1747972099.069457,13.848677374654367,-5.711682705282367,0.3954942267816689
1747972099.0919917,13.880513270368148,-5.731510089741163,0.39676068942165815
1747972099.1093338,13.904331236730938,-5.756891264383388,0.39383153358388134
1747972099.1320593,13.936627418606578,-5.782170812740039,0.3916648982711004
1747972099.1493802,13.964506662842352,-5.795507207395846,0.3965639210868134
1747972099.1720462,13.99062173340732,-5.820706111874247,0.39867245229122583
1747972099.1899145,14.012246736657616,-5.840256961404004,0.4004540349417389
1747972099.214689,14.033582082324077,-5.855118327008345,0.40322513111164965
1747972099.2309008,14.053982537340381,-5.870515746805697,0.4004754863176737
1747972099.2533655,14.072305036325474,-5.881491718277239,0.39996810057322385
1747972099.2695894,14.09025284678204,-5.892448854044405,0.4028360055178118
1747972099.2924583,14.10702109806974,-5.90466612414787,0.40749454322039586
1747972099.3104672,14.128451915121348,-5.925051739631512,0.40872374706483716
1747972099.3310668,14.148057238332266,-5.944789990317312,0.40789889440199334
1747972099.3517053,14.180997414082357,-5.968144382921152,0.41044171811187974
1747972099.3738456,14.210064869197636,-5.990505906218571,0.4104462059379279
1747972099.398737,14.244851537636722,-6.014654938758866,0.4107150407629651
1747972099.4157186,14.280538976597306,-6.036102743432014,0.4139475575520198
1747972099.4378946,14.297569277444683,-6.050599937795795,0.4167921621952696
1747972099.4619346,14.317598794310284,-6.062820000479827,0.41863918454556553
1747972099.482428,14.339062330840703,-6.075661089618306,0.4251745551678874
1747972099.4983358,14.352862319206093,-6.087083980582102,0.4224959453968785
1747972099.5205665,14.368298831394302,-6.0957218774007345,0.4182804054887083
1747972099.5385323,14.385581468956218,-6.109225912076803,0.4205591626692904
1747972099.5597425,14.406922983987412,-6.129111568827136,0.4248184728828016
1747972099.5795915,14.433690548336408,-6.15102082081365,0.42511743935447316
1747972099.6014593,14.466078882056616,-6.176441594978409,0.42778330564461
1747972099.624548,14.499017761006026,-6.198811503549038,0.4275194893742316
1747972099.6438086,14.52341820750408,-6.222811957447738,0.4251367183110759
1747972099.663911,14.549572058731973,-6.2409602844871,0.4263431216036237
1747972099.684199,14.577944628426058,-6.263585088684687,0.43223392381532966
1747972099.7098565,14.606163568472583,-6.2802980266484445,0.4345141055172148
1747972099.7249084,14.630426347526427,-6.289742279721339,0.43649718014223665
1747972099.7483072,14.650214456548804,-6.303450220023711,0.4349909363641225
1747972099.7658992,14.668389845909811,-6.314903090622913,0.4366009777406416
1747972099.79067,14.683792552622467,-6.33409883091199,0.43666779194135863
1747972099.8064816,14.708403476814365,-6.3519752193417265,0.4353262007349662
1747972099.8300567,14.72601851747286,-6.370171239241436,0.4378239288670966
1747972099.8540828,14.7556825625892,-6.391433936649576,0.4395834521681831
1747972099.8686101,14.777762490618603,-6.410557296269103,0.43769548767740174
1747972099.8940036,14.805063403422515,-6.437151107871565,0.44290100178917924
1747972099.9097786,14.829725581600512,-6.452102274287535,0.4448427366879676
1747972099.9271846,14.85650610170593,-6.466868941214439,0.44663376697956647
1747972099.9467382,14.890690476344778,-6.487561269420137,0.4476856482326873
1747972099.9699185,14.920697593279055,-6.508427030592357,0.45269761033347816
1747972099.9878044,14.942174074947665,-6.526833212622557,0.45240670458869053
1747972100.010362,14.96243111085253,-6.536333006778146,0.45240210635807976
1747972100.0341094,14.973863071391662,-6.543341514866198,0.45476348933395394
1747972100.0497274,14.98664626646742,-6.558639540485519,0.45310537864370914
1747972100.0725088,15.00672274847141,-6.574031862020431,0.45319747752880746
1747972100.0968566,15.030760877928913,-6.592461487015538,0.4602501528191206
1747972100.1173842,15.055233416947223,-6.610824154990022,0.4604940732814812
1747972100.1369402,15.077661036626443,-6.629136918094372,0.45834642842245227
1747972100.1575146,15.110476898336008,-6.647914504696292,0.461469807963245
1747972100.1725366,15.140288481995613,-6.673063754690891,0.46373510299868975
1747972100.1970546,15.177551385364847,-6.696131703896459,0.4700826687193735
1747972100.2137923,15.20604262248623,-6.7260039608808295,0.472086672735282
1747972100.2349436,15.231504419861773,-6.739616254092731,0.46867516220458855
1747972100.2590413,15.247251239396153,-6.750369827705115,0.47245626028939813
1747972100.2755156,15.270961726930564,-6.759050048247945,0.475490110264493
1747972100.3007655,15.277417252970679,-6.769761542245835,0.471350442224677
1747972100.3201408,15.29120368382819,-6.792853270218125,0.46929409654348103
1747972100.341066,15.318751732289723,-6.80261580002251,0.47510623468716745
1747972100.3579922,15.34549945832559,-6.823341860530428,0.4783997475855341
1747972100.381125,15.37108614003029,-6.8451221086889555,0.4759372708685326
1747972100.4016328,15.396264986595423,-6.865444020396308,0.48291344916286544
1747972100.4188597,15.433008362498128,-6.886634234411117,0.4789225380713822
1747972100.4431262,15.466071181586491,-6.918093549225381,0.48327479922545474
1747972100.4617853,15.491394069013232,-6.935429022269325,0.48625976514521346
1747972100.4805863,15.513829667257328,-6.954013214826385,0.48626356971848567
1747972100.5042713,15.535431097192243,-6.963660366954753,0.48917177544429524
1747972100.5219293,15.555714181351128,-6.979149836855982,0.4896870539772484
1747972100.5406635,15.573375739037889,-6.997219813550367,0.4909954168004549
1747972100.5640128,15.596817260143066,-7.0106872428481575,0.49324621787731504
1747972100.5812004,15.622460882502942,-7.031249640179116,0.4932489461029348
1747972100.6003942,15.63888710608196,-7.041095563162877,0.49780350908074683
1747972100.6268682,15.661525657087271,-7.058458837900434,0.4973712371456857
1747972100.6428564,15.688201654108516,-7.076896100619668,0.49830388890042776
1747972100.665492,15.713670834146233,-7.097943105596045,0.5013287126183817
1747972100.6831298,15.740616505420755,-7.116481757589066,0.5002214088421502
1747972100.705826,15.76232234886636,-7.132987807032187,0.5028323999121594
1747972100.7203119,15.786248016665288,-7.145666846025287,0.5030316353959184
1747972100.74243,15.815341605539743,-7.167577277652134,0.5096294597512704
1747972100.7600348,15.839103182682573,-7.188879242096794,0.5099192652289647
1747972100.7803152,15.858270661868989,-7.1972038672045,0.5123232155368077
1747972100.8019912,15.889239616608617,-7.22030740640454,0.5110266264156307
1747972100.8253722,15.908193722378373,-7.240280731023238,0.5139688383888453
1747972100.8498974,15.928497510060893,-7.260536843298742,0.5149124313638408
1747972100.865111,15.945392942028159,-7.269718449936165,0.5136730988230714
1747972100.88688,15.971497593738981,-7.278075774615532,0.5179734320095554
1747972100.9054232,15.990425327104495,-7.29520141775309,0.5183495558358213
1747972100.928886,16.016178691414687,-7.31474869895775,0.5192996116514412
1747972100.9462092,16.044647535807172,-7.339168598746533,0.5213053886159573
1747972100.9658134,16.07999738698666,-7.36267609908458,0.5204783419554262
1747972100.9907131,16.10067570394359,-7.3765486863352425,0.5209805894006169
1747972101.0091658,16.12515519602886,-7.398444054920533,0.5256631962117487
1747972101.0320692,16.147912429067556,-7.411215757306472,0.525754477527152
1747972101.0497656,16.167394163780262,-7.426746918988171,0.5314331567898036
1747972101.0699525,16.187349121637,-7.444934043453124,0.5320619338365237
1747972101.095569,16.209220817975808,-7.463322537434181,0.5313496880642418
1747972101.1117008,16.23509199020686,-7.474189767212735,0.5323345550935791
1747972101.1315787,16.26775038538376,-7.492331586929182,0.5381823588804315
1747972101.1527452,16.286932799492327,-7.514702843623931,0.5393990132372465
1747972101.1778529,16.301334374745807,-7.5274986567598905,0.5418505456989534
1747972101.192581,16.318888053879554,-7.53954105040404,0.5397977938871211
1747972101.215626,16.340509970359207,-7.559182713144853,0.5395990065260242
1747972101.2328627,16.365810025568987,-7.575775343365789,0.5421722632297055
1747972101.2545247,16.401355451418176,-7.595943363496378,0.5446156378054969
1747972101.2781951,16.427001495764273,-7.607194525522218,0.544984905419162
1747972101.292882,16.445128714053087,-7.620941099508054,0.5474867066560718
1747972101.3175473,16.47052216039687,-7.640693665462644,0.5505876502804236
1747972101.3364,16.49250467730931,-7.664784509287976,0.5510545030511966
1747972101.358041,16.522278524909737,-7.688328175464331,0.5481781662292134
1747972101.3764443,16.552421192817388,-7.703964816294713,0.5540332816553537
1747972101.4005444,16.57708995110184,-7.721761942212874,0.5536207879836044
1747972101.4170601,16.603260768784533,-7.733804397050016,0.5575481000499511
1747972101.44018,16.617602760808044,-7.750261608892117,0.5550889749405173
1747972101.4575486,16.63218005991127,-7.7669239559965755,0.5543939772945855
1747972101.4817262,16.65418154910653,-7.7825318946313295,0.558311955582065
1747972101.4975731,16.6757674426973,-7.800368080848159,0.5628093691124854
1747972101.5201068,16.706080193824512,-7.815275995262638,0.5652690337986312
1747972101.5376923,16.73107864805499,-7.830827367702804,0.566736157269049
1747972101.558511,16.75661933064195,-7.853583625711773,0.5668194481910455
1747972101.5835946,16.78083698948526,-7.877412015020715,0.5670735755126972
1747972101.6026416,16.80075319384079,-7.890500863235661,0.5677219459798604
1747972101.6235957,16.824706738841716,-7.898302636278,0.5739162907661561
1747972101.6450772,16.846660973162674,-7.919340959930168,0.5729893370476533
1747972101.6679196,16.877164163919502,-7.937005580896896,0.5743846313316641
1747972101.6840253,16.89985447329267,-7.95550580968259,0.577896194449413
1747972101.7075922,16.925307592672056,-7.98739053552627,0.575190319829229
1747972101.724478,16.956266656408815,-8.00414953322602,0.5839455673152228
1747972101.7481499,16.98466061220028,-8.02233069637712,0.5828533152068496
1747972101.7644646,17.008599038805308,-8.04337593544353,0.5804108057984452
1747972101.788381,17.028959200629988,-8.058317142899604,0.5851317346585299
1747972101.8061333,17.050001975726197,-8.070725449907318,0.586935716113335
1747972101.8265371,17.069777166110157,-8.079313062887998,0.5867714584642943
1747972101.8456116,17.082578580278764,-8.095369890970373,0.5902491337380655
1747972101.871186,17.10618766257731,-8.116199925255552,0.5913075534765643
1747972101.8922775,17.130499632144243,-8.132720888230935,0.5895286275791121
1747972101.9114552,17.162546854055993,-8.154600081052566,0.5947128526435089
1747972101.930332,17.189457610566354,-8.17343659839557,0.5973139480929854
1747972101.9574502,17.222326152020088,-8.199126580980584,0.5956487643934801
1747972101.9718986,17.256507770769375,-8.223092401939354,0.5993400748720304
1747972101.9961057,17.282631471008465,-8.240549287906328,0.6021126947597947
1747972102.0121865,17.307802830407244,-8.255526479810527,0.6035785873790721
1747972102.0337603,17.33390922542906,-8.270343790523597,0.6037063836220308
1747972102.0580828,17.34780985649071,-8.288413393292595,0.6028871965349316
1747972102.0737271,17.36022712606298,-8.302159824836709,0.6076104498477243
1747972102.0967138,17.37237802451167,-8.30872464595324,0.6074659942659622
1747972102.1126068,17.391411796981405,-8.31835211199975,0.611008923913194
1747972102.1372137,17.418417293512356,-8.335666418673062,0.6110342313892005
1747972102.1575027,17.451130805821336,-8.355603623511936,0.6146224161580067
1747972102.1730359,17.483287630717133,-8.376093878628378,0.6141004324428909
1747972102.1963835,17.511059559717257,-8.400913980602946,0.615481461410092
1747972102.233805,17.53037715666007,-8.425439324138175,0.6172268742329754
1747972102.2410903,17.55751827727806,-8.445023512428179,0.6209368416121824
1747972102.2532897,17.57975699989548,-8.461699775898792,0.6178695487154359
1747972102.27996,17.607387796483845,-8.482074868475568,0.6218684838517001
1747972102.2966363,17.624397278327603,-8.49808909817296,0.6262882403090175
1747972102.3208249,17.645829253571716,-8.511282956981091,0.6290061329582298
1747972102.3371615,17.669092163646884,-8.528025788794709,0.6322495015715102
1747972102.3601038,17.6920101009543,-8.540514215588917,0.6334585699214629
1747972102.376457,17.721220378109585,-8.556978706706582,0.6305850962984316
1747972102.4001825,17.742612174358577,-8.573123863152064,0.6280827415678091
1747972102.4166124,17.764682517024337,-8.589311478401749,0.6324161625642788
1747972102.440255,17.795388194079926,-8.610609418037717,0.6357061486603679
1747972102.4567597,17.822777056365673,-8.628991970282138,0.6416747444004203
1747972102.4800272,17.840664285360926,-8.653359109224496,0.6420207073183106
1747972102.4986367,17.865142019590582,-8.667692066672839,0.6427094630099489
1747972102.5226438,17.887871467661142,-8.678817220564689,0.6471377992893202
1747972102.5368075,17.919154179970032,-8.694947173922186,0.6492772270208016
1747972102.5608501,17.94309683369884,-8.711919210718197,0.6473532659538466
1747972102.5781412,17.960068022440105,-8.731120560552213,0.6474541707249761
1747972102.603954,17.976890296497245,-8.749746567923038,0.646203508814508
1747972102.620569,17.99995950495113,-8.76726132682651,0.6503954303423264
1747972102.6418624,18.02862547354949,-8.782105240577685,0.6535054419846182
1747972102.6658745,18.052679894467055,-8.807071346863271,0.6552121365480951
1747972102.6861458,18.08240598749206,-8.828536874154004,0.6542286618862884
1747972102.7069807,18.105132332483173,-8.843554678769035,0.6557772826677448
1747972102.7257106,18.126348286083797,-8.855748229562998,0.6569332328477604
1747972102.7470028,18.149973345680035,-8.870576152854731,0.6586124435591476
1747972102.7650335,18.178165275107265,-8.892392662047417,0.6615330353296913
1747972102.7876558,18.20015621871562,-8.907778385108525,0.6626082720811596
1747972102.8051817,18.2270709808174,-8.92086241214278,0.6635460210722093
1747972102.828107,18.24488095969804,-8.944430765498003,0.6705506541319801
1747972102.8449686,18.273131839908995,-8.959475087136871,0.6705525001600903
1747972102.8696814,18.29323683973453,-8.980787780360568,0.6688572740518895
1747972102.885277,18.31320740406774,-8.991774819654086,0.6676243151748916
1747972102.9095337,18.337404915333053,-9.005276712648993,0.6726481458953537
1747972102.9333148,18.359836905347457,-9.018029992194093,0.6716522339107636
1747972102.9533505,18.38292096297397,-9.046594957559234,0.6760425168681574
1747972102.9734921,18.412607317019646,-9.062305011678147,0.6764711322406872
1747972102.9882295,18.439829873736528,-9.093840458525197,0.6807485699590291
1747972103.0117085,18.46752046368561,-9.111132554762664,0.6855005433303388
1747972103.0268784,18.49083981851312,-9.126354300413688,0.6837093229497005
1747972103.0495625,18.508712333424253,-9.13316703685785,0.684812284998848
1747972103.0735304,18.527704399596406,-9.149031317457045,0.6853131161875768
1747972103.0913897,18.55173918722382,-9.175714738655548,0.6908561207824849
1747972103.1117344,18.585246723077265,-9.203191366021759,0.693282425847215
1747972103.1354282,18.615993621113724,-9.221741401971741,0.6956483790295227
1747972103.151709,18.640722784588327,-9.238578546674292,0.6983732277273011
1747972103.1768792,18.662607700297727,-9.259151644002152,0.7006061021686139
1747972103.1938314,18.67954289047207,-9.264101648699198,0.6990140960909266
1747972103.217898,18.70787801028145,-9.27804108473405,0.6980781776266365
1747972103.2371712,18.724089994952564,-9.305886481357978,0.697140723029134
1747972103.2593763,18.754851448306088,-9.332878479287068,0.7003693760779858
1747972103.2831135,18.77500731995513,-9.339256514639425,0.7074201256014688
1747972103.307601,18.806422546165127,-9.3556285424061,0.7070726525030105
1747972103.324825,18.82109296293868,-9.371318117532397,0.7046782850853107
1747972103.3491125,18.85014431003842,-9.392584991315761,0.7087233916618557
1747972103.367592,18.881954896435094,-9.41446786313386,0.7103955170698283
1747972103.388409,18.90388836196792,-9.43174610827601,0.7155697421176366
1747972103.4121175,18.924668543382502,-9.449571631278406,0.7133044850111148
1747972103.429377,18.947179815242876,-9.471448885575255,0.7139989650073815
1747972103.4514995,18.97166420643351,-9.48997698623716,0.7134331777157347
1747972103.469377,19.000687848078407,-9.505522461332236,0.7162432240239361
1747972103.4900796,19.026510466692244,-9.520461098188935,0.7180384401180072
1747972103.512256,19.052231304750666,-9.538234212005344,0.7207986787736287
1747972103.5344827,19.07454295561324,-9.556901893694993,0.7237896885075239
1747972103.5503347,19.09194184681017,-9.569935547236586,0.7245471203038741
1747972103.575197,19.11987569001294,-9.588229831979246,0.7250137694726256
1747972103.595552,19.15058246530411,-9.606278279943089,0.7284456177932402
1747972103.6131144,19.174849339844044,-9.62437298291302,0.732175692699883
1747972103.6381812,19.20367896795439,-9.641949141685572,0.7267365718039395
1747972103.6584115,19.225319285604744,-9.669933347246266,0.7290303194721306
1747972103.6846201,19.248218485036514,-9.686881014294894,0.7306441915422558
1747972103.7097385,19.277299708147865,-9.700894026760883,0.7312413890466644
1747972103.7229588,19.2958131845658,-9.71811512187826,0.7353789012947695
1747972103.7467685,19.319682821825417,-9.7434018723235,0.7367605080556915
1747972103.7623785,19.345375509043546,-9.765756929296328,0.7393656085856803
1747972103.7860038,19.371374227119645,-9.782389272888544,0.741909472150561
1747972103.8105114,19.40830796059277,-9.79541727819644,0.7444315491088176
1747972103.8278618,19.431159114438437,-9.812382743495593,0.7478573293270165
1747972103.8503463,19.44860783051308,-9.840946467154742,0.7466457765829126
1747972103.8737895,19.471361777647513,-9.857064702427449,0.7472065347517942
1747972103.8920503,19.503292382003032,-9.879328887783046,0.7505773064486267
1747972103.9167829,19.515798438080783,-9.889012531396352,0.7523842032535304
1747972103.9333532,19.5348296378962,-9.909914229309491,0.7485412514724984
1747972103.9579132,19.565626201345715,-9.923256846733691,0.7515900690916539
1747972103.9823084,19.599237505893765,-9.951052899426456,0.7577152122250151
1747972104.0005245,19.62518943865565,-9.96420020149176,0.7591880382539724
1747972104.0269032,19.65525476827167,-9.987880890067864,0.7649432790331964
1747972104.0420618,19.67481733982998,-10.007441128493697,0.7615344302625114
1747972104.0654645,19.69627028171694,-10.024657433675149,0.7566668906460613
1747972104.0865262,19.713575825535848,-10.041644281650415,0.761499934170422
1747972104.1035736,19.73852180588693,-10.054981263596103,0.7639060944980609
1747972104.1269267,19.77144882657226,-10.077609865798856,0.7633282846746721
1747972104.1520782,19.808918879229196,-10.102692866477879,0.768203033764132
1747972104.1757562,19.831325216913235,-10.125693375464387,0.7735287713809782
1747972104.1993454,19.854803127545697,-10.142296719935233,0.7740929094930531
1747972104.2180238,19.889232151048155,-10.162978612829207,0.7709925496493579
1747972104.238258,19.910080732622042,-10.178858562243455,0.7743463574911832
1747972104.2590277,19.939260323353288,-10.197622156443689,0.776810726039205
1747972104.279763,19.955854706291923,-10.221338505574934,0.779735917643182
1747972104.3024564,19.969480141147173,-10.227487076434004,0.7788874742107892
1747972104.3255303,19.992201772728748,-10.24362223074529,0.7840853326229096
1747972104.343334,20.01810341492546,-10.263401208698754,0.7843569360786657
1747972104.3643262,20.052253733853554,-10.28640196530309,0.7826846423057875
1747972104.3920088,20.080908555713993,-10.31487002135631,0.789122092881598
1747972104.4054449,20.103551755550626,-10.324126015987824,0.7903996512548902
1747972104.4282405,20.119275252850098,-10.33546805899358,0.7911195409188811
1747972104.4481797,20.134319198577618,-10.349914897073486,0.788373439722102
1747972104.4710805,20.165416281657926,-10.368843823582157,0.7935879619051524
1747972104.48995,20.192229415456893,-10.392520237765956,0.7947128335556772
1747972104.509336,20.221107650563997,-10.416839887925638,0.7988973671002573
1747972104.5326703,20.248773016483632,-10.437622284449036,0.8026747672947675
1747972104.5506637,20.27523961147127,-10.446827793792576,0.805535613349299
1747972104.5781116,20.29583809916298,-10.464035616269285,0.8018754805352644
1747972104.5984402,20.32594947380611,-10.488705936138329,0.8054272999491706
1747972104.6236994,20.3472758043554,-10.510501057210472,0.8086274781436623
1747972104.646998,20.37223858859407,-10.532051212030433,0.8092961810513228
1747972104.665538,20.40078279645248,-10.547498726107042,0.8122360008154805
1747972104.6950593,20.43017463920848,-10.564797350816612,0.8186450252266918
1747972104.7146375,20.45459696185391,-10.586172713603007,0.8219574168466102
1747972104.7424922,20.491647672507952,-10.611799240956303,0.820056694074861
,,,
,,,
,,,
,,,
,,,
,,,
,,,
,,,
,,,
,,,
,,,
,,,
,,,
,,,
,,,
,,,
,,,
,,,
,,,
,,,
,,,
,,,
,,,
,,,
,,,
,,,
,,,
,,,
,,,
,,,
,,,
,,,
,,,
,,,
,,,
,,,
,,,
,,,
,,,
,,,
,,,
,,,
,,,
,,,
,,,
,,,
,,,
,,,
,,,
,,,
,,,
,,,
,,,
,,,
,,,
,,,
,,,
,,,
,,,
,,,
,,,
,,,
,,,
,,,
,,,
,,,
,,,
,,,
,,,
,,,
,,,
,,,
,,,
,,,
,,,
,,,
,,,
,,,
,,,
,,,
,,,
,,,
,,,
,,,
,,,
,,,
,,,
,,,
,,,
,,,
,,,
,,,
,,,
,,,
,,,
,,,
,,,
,,,
,,,
,,,
,,,
,,,
,,,
,,,
,,,
,,,
,,,
,,,
,,,
,,,
,,,
,,,
,,,
,,,
,,,
,,,
,,,
,,,
,,,
,,,
,,,
,,,
,,,
,,,
,,,
,,,
,,,
,,,
,,,
,,,
,,,
,,,
,,,
,,,
,,,
,,,
,,,
,,,
,,,
,,,
,,,
,,,
,,,
,,,
,,,
,,,
,,,
,,,
,,,
,,,
,,,
,,,
,,,
,,,
,,,
,,,
,,,
,,,
,,,
,,,
,,,
,,,
,,,
,,,
,,,
,,,
,,,
,,,
,,,
,,,
,,,
,,,
,,,
,,,
,,,
,,,
,,,
,,,
,,,
,,,
,,,
,,,
,,,
,,,
,,,
,,,
,,,
,,,
,,,
,,,
,,,
,,,
,,,
,,,
,,,
,,,
,,,
,,,
,,,
,,,
,,,
,,,
,,,
,,,
,,,
,,,
,,,
,,,
,,,
,,,
,,,
,,,
,,,
,,,
,,,
,,,
,,,
,,,
,,,
,,,
,,,
,,,
,,,
,,,
,,,
,,,
,,,
,,,
,,,
,,,
,,,
,,,
,,,
,,,
,,,
,,,
,,,
,,,
,,,
,,,
,,,
,,,
,,,
,,,
,,,
,,,
,,,
,,,
,,,
,,,
,,,
,,,
,,,
,,,
,,,
,,,
,,,
,,,
,,,
,,,
,,,
,,,
,,,
,,,
,,,
,,,
,,,
,,,
,,,
,,,
,,,
,,,
,,,
,,,
,,,
,,,
,,,
,,,
,,,
,,,
,,,
,,,
,,,
,,,
,,,
,,,
,,,
,,,
,,,
,,,
,,,
,,,
,,,
,,,
,,,
,,,
,,,
,,,
,,,
,,,
,,,
,,,
,,,
,,,
,,,
,,,
,,,
,,,
,,,
,,,
,,,
,,,
,,,
,,,
,,,
,,,
,,,
,,,
,,,
,,,
,,,
,,,
,,,
,,,
,,,
,,,
,,,
,,,
,,,
,,,
,,,
,,,
,,,
,,,
,,,
,,,
,,,
,,,
,,,
,,,
,,,
,,,
,,,
,,,
,,,
,,,
,,,
,,,
,,,
,,,
,,,
,,,
,,,
,,,
,,,
,,,
,,,
,,,
,,,
,,,
,,,
,,,
,,,
,,,
,,,
,,,
,,,
,,,
,,,
,,,
,,,
,,,
,,,
,,,
,,,
,,,
,,,
,,,
,,,
,,,
,,,
,,,
,,,
,,,
,,,
,,,
,,,
,,,
,,,
,,,
,,,
,,,
,,,
,,,
,,,
,,,
,,,
,,,
,,,
,,,
,,,
,,,
,,,
,,,
,,,
,,,
,,,
,,,
,,,
,,,
,,,
,,,
,,,
,,,
,,,
,,,
,,,
,,,
,,,
,,,
,,,
,,,
,,,
,,,
,,,
,,,
,,,
,,,
,,,
,,,
,,,
,,,
,,,
,,,
,,,
,,,
,,,
,,,
,,,
,,,
,,,
,,,
,,,
,,,
,,,
,,,
,,,
,,,
,,,
,,,
,,,
,,,
,,,
,,,
,,,
,,,
,,,
,,,
,,,
,,,
,,,
,,,
,,,
,,,
,,,
,,,
,,,
,,,
,,,
,,,
,,,
,,,
,,,
,,,
,,,
,,,
,,,
,,,
,,,
,,,
,,,
,,,
,,,
,,,
,,,
,,,
,,,
,,,
,,,
,,,
,,,
,,,
,,,
,,,
,,,
,,,
,,,
,,,
,,,
,,,
,,,
,,,
,,,
,,,
,,,
,,,
,,,
,,,
,,,
,,,
,,,
,,,
,,,
,,,
,,,
,,,
,,,
,,,
,,,
,,,
,,,
,,,
,,,
,,,
,,,
,,,
,,,
,,,
,,,
,,,
,,,
,,,
,,,
,,,
,,,
,,,
,,,
,,,
,,,
,,,
,,,
,,,
,,,
,,,
,,,
,,,
,,,
,,,
,,,
,,,
,,,
,,,
,,,
,,,
,,,
,,,
,,,
,,,
,,,
,,,
,,,
,,,
,,,
,,,
,,,
,,,
,,,
,,,
,,,
,,,
,,,
,,,
,,,
,,,
,,,
,,,
,,,
,,,
,,,
,,,
,,,
,,,
,,,
,,,
,,,
,,,
,,,
,,,
,,,
,,,
,,,
,,,
,,,
,,,
,,,
,,,
,,,
,,,
,,,
,,,
,,,
,,,
,,,
,,,
,,,
,,,
,,,
,,,
,,,
,,,
,,,
,,,
,,,
,,,
,,,
,,,
,,,
,,,
,,,
,,,
,,,
,,,
,,,
,,,
,,,
,,,
,,,
,,,
,,,
,,,
,,,
,,,
,,,
,,,
,,,
,,,
,,,
,,,
,,,
,,,
,,,
,,,
,,,
,,,
,,,
,,,
,,,
,,,
,,,
,,,
,,,
,,,
,,,
,,,
,,,
,,,
,,,
,,,
,,,
,,,
,,,
,,,
,,,
,,,
,,,
,,,
,,,
,,,
,,,
,,,
,,,
,,,
,,,
,,,
,,,
,,,
,,,
,,,
,,,
,,,
,,,
,,,
,,,
,,,
,,,
,,,
,,,
,,,
,,,
,,,
,,,
,,,
,,,
,,,
,,,
,,,
,,,
,,,
,,,
,,,
,,,
,,,
,,,
,,,
,,,
,,,
,,,
,,,
,,,
,,,
,,,
,,,
,,,
,,,
,,,
,,,
,,,
,,,
,,,
,,,
,,,
,,,
,,,
,,,
,,,
,,,
,,,
,,,
,,,
,,,
,,,
,,,
,,,
,,,
,,,
,,,
,,,
,,,
,,,
,,,
,,,
,,,
,,,
,,,
,,,
,,,
,,,
,,,
,,,
,,,
,,,
,,,
,,,
,,,
,,,
,,,
,,,
,,,
,,,
,,,
,,,
,,,
,,,
,,,
,,,
,,,
,,,
,,,
,,,
,,,
,,,
,,,
,,,
,,,
,,,
,,,
,,,
,,,
,,,
,,,
,,,
,,,
,,,
,,,
,,,
,,,
,,,
,,,
,,,
,,,
,,,
,,,
,,,
,,,
,,,
,,,
,,,
,,,
,,,
,,,
,,,
,,,
,,,
,,,
,,,
,,,
,,,
,,,
,,,
,,,
,,,
,,,
,,,
,,,
,,,
,,,
,,,
,,,
,,,
,,,
,,,
,,,
,,,
,,,
,,,
,,,
,,,
,,,
,,,
,,,
,,,
,,,
,,,
,,,
,,,
,,,
,,,
,,,
,,,
,,,
,,,
,,,
,,,
,,,
,,,
,,,
,,,
,,,
,,,
,,,
,,,
,,,
,,,
,,,
,,,
,,,
,,,
,,,
,,,
,,,
,,,
,,,
,,,
,,,
,,,
,,,
,,,
,,,
,,,
,,,
,,,
,,,
,,,
,,,
,,,
,,,
,,,
,,,
,,,
,,,
,,,
,,,
,,,
,,,
,,,
,,,
,,,
,,,
,,,
,,,
,,,
,,,
,,,
,,,
,,,
,,,
,,,
,,,
,,,
,,,
,,,
,,,
,,,
,,,
,,,
,,,
,,,
,,,
,,,
,,,
,,,
,,,
,,,
,,,
,,,
,,,
,,,
,,,
,,,
,,,
,,,
,,,
,,,
,,,
,,,
,,,
,,,
,,,
,,,
,,,
,,,
,,,
,,,
,,,
,,,
,,,
,,,
,,,
,,,
,,,
,,,
,,,
,,,
,,,
,,,
,,,
,,,
,,,
,,,
,,,
,,,
,,,
,,,
,,,
,,,
,,,
,,,
,,,
,,,
,,,
,,,
,,,
,,,
,,,
,,,
,,,
,,,
,,,
,,,
,,,
,,,
,,,
,,,
,,,
,,,
,,,
,,,
,,,
,,,
,,,
,,,
,,,
,,,
,,,
,,,
,,,
,,,
,,,
,,,
,,,
,,,
,,,
,,,
,,,
,,,
,,,
,,,
,,,
,,,
,,,
,,,
,,,
,,,
,,,
,,,
,,,
,,,
,,,
,,,
,,,
,,,
,,,
,,,
,,,
,,,
,,,
,,,
,,,
,,,
,,,
,,,
,,,
,,,
,,,
,,,
,,,
,,,
