scan_index,scan_file,x,y,z,yaw_rad,yaw_deg,prediction_confidence,z_redistributed,feature_w,geometric_w,temporal_w,adaptation_frozen
0,cloud000000.pcd,-0.012507772639379404,-0.006225565002289041,0.0,-0.0030241974771269852,-0.17327375185348756,0.0,True,0.0,1.0,0.0,True
1,cloud000001.pcd,0.02918595311880586,-0.016074386347093766,0.0,0.0030368383073896992,0.17399801807708232,0.0,True,0.0,1.0,0.0,True
2,cloud000002.pcd,0.007492956593315649,-0.0011321735411412882,0.0,0.0008998158464814303,0.051555650342377565,0.0,True,0.0,1.0,0.0,True
3,cloud000003.pcd,0.05841355679053262,0.027244465392431354,0.0,-0.010801842869680571,-0.6189000073961785,0.3333333333333333,True,0.0,1.0,0.0,True
4,cloud000004.pcd,0.1434827666303472,0.02420096709131645,0.0,-0.007219745375428332,-0.4136609391711375,0.3333074626015957,True,0.0,1.0,0.0,True
5,cloud000005.pcd,0.22932903899940937,0.010123143420175873,0.0,-0.010032752955343973,-0.5748344012386133,0.3332937088548174,True,0.0,1.0,0.0,True
6,cloud000006.pcd,0.33730251534889777,-0.013986169812333795,0.0,-0.029912037016071924,-1.713833477660014,0.333318466092495,True,0.0,1.0,0.0,True
7,cloud000007.pcd,0.4443133765226797,-0.032907035230454525,0.0,-0.04522644362131944,-2.591284341887967,0.3333285616115536,True,0.0,1.0,0.0,True
8,cloud000008.pcd,0.5909297863878505,-0.06370182409827935,0.0,-0.043574161360175674,-2.4966155417600966,0.3333314524575378,True,0.0,1.0,0.0,True
9,cloud000009.pcd,0.6880184597206094,-0.06748832313413743,0.0,-0.04451392266768233,-2.5504598984299243,0.33332842870609375,True,0.0,1.0,0.0,True
10,cloud000010.pcd,0.7853314206786021,-0.06531506495554142,0.0,-0.05271765803123754,-3.0204993110038596,0.3333202618968078,True,0.0,1.0,0.0,True
11,cloud000011.pcd,0.8399178223308841,-0.07226535330354716,0.0,-0.05415183986733888,-3.10267187726679,0.333320541338812,True,0.0,1.0,0.0,True
12,cloud000012.pcd,0.9700594556842916,-0.09114330517966909,0.0,-0.05378439821894623,-3.081619021596561,0.3333272840837464,True,0.0,1.0,0.0,True
13,cloud000013.pcd,1.082668925118175,-0.09358805532295478,0.0,-0.06544927831766759,-3.7499674197794417,0.33331141394620317,True,0.0,1.0,0.0,True
14,cloud000014.pcd,1.1916999776980568,-0.09060493019163926,0.0,-0.06682113970110826,-3.8285692871275705,0.33331516930045063,True,0.0,1.0,0.0,True
15,cloud000015.pcd,1.2776309927640859,-0.11594367114711213,0.0,-0.06989700383713272,-4.004803320477426,0.33331404343898535,True,0.0,1.0,0.0,True
16,cloud000016.pcd,1.4199951811067668,-0.1027114819780601,0.0,-0.07661464000007163,-4.3896955209182815,0.33332768229410215,True,0.0,1.0,0.0,True
17,cloud000017.pcd,1.5214017497329153,-0.12620460546306395,0.0,-0.08284127484320619,-4.7464554179989955,0.3333160951782374,True,0.0,1.0,0.0,True
18,cloud000018.pcd,1.6407018601757868,-0.14592256219942715,0.0,-0.07953923863842034,-4.55726267966537,0.3333160898470457,True,0.0,1.0,0.0,True
19,cloud000019.pcd,1.7591096843014744,-0.16917479869490937,0.0,-0.07765444769595059,-4.4492721133973685,0.3333149425239301,True,0.0,1.0,0.0,True
20,cloud000020.pcd,1.8954676838413178,-0.18583571524975354,0.0,-0.0736551029947216,-4.220126541198938,0.33332454404636147,True,0.0,1.0,0.0,True
21,cloud000021.pcd,1.9989634811843686,-0.20364580239209001,0.0,-0.06563920819861434,-3.7608496003611127,0.333332581017554,True,0.0,1.0,0.0,True
22,cloud000022.pcd,2.1063980004296727,-0.2337032699232069,0.0,-0.06774968548988432,-3.8817710419090847,0.3333293413705161,True,0.0,1.0,0.0,True
23,cloud000023.pcd,2.2430950050283163,-0.25688470094397414,0.0,-0.06807355607978026,-3.9003274598185342,0.33332925326717405,True,0.0,1.0,0.0,True
24,cloud000024.pcd,2.3314154715708666,-0.28870626782997905,0.0,-0.06420760063460669,-3.6788245290244697,0.33332405525215547,True,0.0,1.0,0.0,True
25,cloud000025.pcd,2.463827562235352,-0.3170473589023858,0.0,-0.06884732842100019,-3.9446613492743934,0.33332299186117087,True,0.0,1.0,0.0,True
26,cloud000026.pcd,2.6031465413594232,-0.32376777286592695,0.0,-0.0629217024942918,-3.605147992700705,0.3333230826130239,True,0.0,1.0,0.0,True
27,cloud000027.pcd,2.739935414813338,-0.3506693731633039,0.0,-0.060653987341831465,-3.475217485326862,0.33331874807217393,True,0.0,1.0,0.0,True
28,cloud000028.pcd,2.86648113863314,-0.3652762610660568,0.0,-0.061662899763129685,-3.5330239089655744,0.3333254697699402,True,0.0,1.0,0.0,True
29,cloud000029.pcd,3.019357097797374,-0.3808185705561686,0.0,-0.059889998847469386,-3.4314441690033606,0.33333024052829735,True,0.0,1.0,0.0,True
30,cloud000030.pcd,3.133177078258326,-0.3915480779623176,0.0,-0.0521506240523178,-2.9880106571712486,0.3333292710854382,True,0.0,1.0,0.0,True
31,cloud000031.pcd,3.2345519650614247,-0.385054654847059,0.0,-0.0536098906926619,-3.0716204768472006,0.33332775703248135,True,0.0,1.0,0.0,True
32,cloud000032.pcd,3.3438045267229146,-0.40745756033352787,0.0,-0.05860392611831643,-3.3577576294760245,0.3333261326845078,True,0.0,1.0,0.0,True
33,cloud000033.pcd,3.4492289691130167,-0.41683983010838355,0.0,-0.05592519286039274,-3.204277519355668,0.33332447476033644,True,0.0,1.0,0.0,True
34,cloud000034.pcd,3.524241970856064,-0.43263792947323304,0.0,-0.05301591048597742,-3.037587917889871,0.33332970068897066,True,0.0,1.0,0.0,True
35,cloud000035.pcd,3.53099754341638,-0.4245944888683852,0.0,-0.02912069752770762,-1.6684930648146974,0.3333275451919599,True,0.0,1.0,0.0,True
36,cloud000036.pcd,3.551154787033326,-0.40638559832549576,0.0,0.055286436248814,3.167679461376129,0.33332237787073976,True,0.0,1.0,0.0,True
37,cloud000037.pcd,3.566040885304767,-0.3997570794163507,0.0,0.15961683968402943,9.14537125311116,0.33331512299987187,True,0.0,1.0,0.0,True
38,cloud000038.pcd,3.558220655499126,-0.42386304319965046,0.0,0.2788767227868778,15.978459220127931,0.33331647245683166,True,0.0,1.0,0.0,True
39,cloud000039.pcd,3.542744750598234,-0.4039188881055469,0.0,0.3937471696319208,22.560051015130757,0.3333216966031539,True,0.0,1.0,0.0,True
40,cloud000040.pcd,3.541246012189807,-0.42161145656242394,0.0,0.500009389971264,28.648427762264337,0.33332192830591595,True,0.0,1.0,0.0,True
41,cloud000041.pcd,3.564886705396015,-0.4384801425188755,0.0,0.6233024650165193,35.7126006055472,0.3333211472841297,True,0.0,1.0,0.0,True
42,cloud000042.pcd,3.55514329509335,-0.4290034226165733,0.0,0.6506721201988588,37.280766334223614,0.3333208709451941,True,0.0,1.0,0.0,True
43,cloud000043.pcd,3.6389332605349027,-0.3865062515525496,0.0,0.6571459857355867,37.65169150661332,0.3332946168668952,True,0.0,1.0,0.0,True
44,cloud000044.pcd,3.736274097752192,-0.30588590225661055,0.0,0.658940518812719,37.75451067812962,0.33329519040541983,True,0.0,1.0,0.0,True
45,cloud000045.pcd,3.8529297316698723,-0.2205438010367642,0.0,0.6574769183436121,37.67065254835643,0.333294940168728,True,0.0,1.0,0.0,True
46,cloud000046.pcd,3.947662726644174,-0.15185146701139002,0.0,0.6614623970378191,37.8990036568738,0.3333157472936736,True,0.0,1.0,0.0,True
47,cloud000047.pcd,4.040754457698089,-0.094089145399333,0.0,0.663652083699695,38.024463461055376,0.33332287804945804,True,0.0,1.0,0.0,True
48,cloud000048.pcd,4.1403179578268645,-0.0269784152783758,0.0,0.6637444103546991,38.02975338872368,0.3333302930543834,True,0.0,1.0,0.0,True
49,cloud000049.pcd,4.222858392683811,0.04471097754730331,0.0,0.6595627785870304,37.79016353695843,0.33332978352165005,True,0.0,1.0,0.0,True
50,cloud000050.pcd,4.30769547779552,0.11969469117725351,0.0,0.6563724020739157,37.60736842769929,0.33333174196680915,True,0.0,1.0,0.0,True
51,cloud000051.pcd,4.423828120597147,0.18854591362484138,0.0,0.6535236067037389,37.444144476291754,0.33333258857896386,True,0.0,1.0,0.0,True
52,cloud000052.pcd,4.528253174888193,0.25443758827741103,0.0,0.6555016330519922,37.55747703781234,0.33332778094542587,True,0.0,1.0,0.0,True
53,cloud000053.pcd,4.642935491737806,0.3319706687399532,0.0,0.6599468879500546,37.81217138233117,0.33333107333176704,True,0.0,1.0,0.0,True
54,cloud000054.pcd,4.746603059253451,0.3921450027205055,0.0,0.6594578884048278,37.78415377220586,0.33333024140653705,True,0.0,1.0,0.0,True
55,cloud000055.pcd,4.834644220806429,0.4574749635437908,0.0,0.6582006382561683,37.712118644895476,0.3333314547389509,True,0.0,1.0,0.0,True
56,cloud000056.pcd,4.923048577834207,0.5396359871316574,0.0,0.6587173304701746,37.74172292806531,0.33333075472819346,True,0.0,1.0,0.0,True
57,cloud000057.pcd,4.939286759608044,0.5717807871203251,0.0,0.6656037442445368,38.13628537331702,0.33333017513165675,True,0.0,1.0,0.0,True
58,cloud000058.pcd,4.945251012982059,0.5746626981509599,0.0,0.6418027378170895,36.77258815686054,0.3333149056989714,True,0.0,1.0,0.0,True
59,cloud000059.pcd,4.938787844734683,0.5703780772747163,0.0,0.5379778484283972,30.82386018647587,0.333317295621637,True,0.0,1.0,0.0,True
60,cloud000060.pcd,4.9689064376553125,0.5731814359622228,0.0,0.418634488582147,23.985989354374674,0.33330338567304235,True,0.0,1.0,0.0,True
61,cloud000061.pcd,4.9582599140509025,0.5516540441674682,0.0,0.3052002715590739,17.48668746658155,0.33332004201435345,True,0.0,1.0,0.0,True
62,cloud000062.pcd,4.9723095935507535,0.5823169829478924,0.0,0.2131315061444507,12.211535783343598,0.3333081643054912,True,0.0,1.0,0.0,True
63,cloud000063.pcd,4.978249200212735,0.5764783729065351,0.0,0.08407233127230812,4.816989755728982,0.3333152913567078,True,0.0,1.0,0.0,True
64,cloud000064.pcd,4.979770660662013,0.5600401316416628,0.0,0.025790964248481648,1.4777134010107935,0.33331308443122737,True,0.0,1.0,0.0,True
65,cloud000065.pcd,5.043297853291505,0.5506851612042242,0.0,0.02429832158445832,1.392191276041093,0.3333039099347202,True,0.0,1.0,0.0,True
66,cloud000066.pcd,5.199286358450025,0.5545809453333361,0.0,0.022969301593029068,1.316044039643684,0.3332926665364499,True,0.0,1.0,0.0,True
67,cloud000067.pcd,5.313053045339366,0.544111863787372,0.0,0.021949325458998116,1.2576037119596406,0.3332991015909822,True,0.0,1.0,0.0,True
68,cloud000068.pcd,5.477519991789092,0.5288815814517039,0.0,0.020316543237947772,1.1640521818294591,0.33329103857197034,True,0.0,1.0,0.0,True
69,cloud000069.pcd,5.585762568279317,0.5523503129080025,0.0,0.02370284582699094,1.3580730283358564,0.33331184962612553,True,0.0,1.0,0.0,True
70,cloud000070.pcd,5.7263760535045956,0.5299268548982891,0.0,0.025758419357035635,1.4758487160862255,0.3333135345578982,True,0.0,1.0,0.0,True
71,cloud000071.pcd,5.8397199125903745,0.5215180634863061,0.0,0.026638911877869466,1.5262972214228387,0.33331143922775236,True,0.0,1.0,0.0,True
72,cloud000072.pcd,6.011298583063811,0.5033602040614649,0.0,0.028794243033292696,1.649788600081645,0.33331641323817746,True,0.0,1.0,0.0,True
73,cloud000073.pcd,6.162319486765198,0.49368619264245134,0.0,0.029792985780165607,1.7070123442967655,0.33332001667170097,True,0.0,1.0,0.0,True
74,cloud000074.pcd,6.282271847326414,0.48727115118147263,0.0,0.02945987565962405,1.6879265402766401,0.33332402840284436,True,0.0,1.0,0.0,True
75,cloud000075.pcd,6.398140092800704,0.48734347402959416,0.0,0.02716795147610273,1.5566089575969013,0.33331356336063983,True,0.0,1.0,0.0,True
76,cloud000076.pcd,6.552755553539707,0.45914558991287285,0.0,0.028772525505439434,1.6485442773941954,0.33333225091200325,True,0.0,1.0,0.0,True
77,cloud000077.pcd,6.632555652384691,0.4713626553840692,0.0,0.029636710705957747,1.6980584421015614,0.33331968072025875,True,0.0,1.0,0.0,True
78,cloud000078.pcd,6.802704933992912,0.4384691261473689,0.0,0.030463532221434737,1.7454318253490035,0.3333084578213849,True,0.0,1.0,0.0,True
79,cloud000079.pcd,6.916336124121885,0.44543199379277193,0.0,0.03074113929411798,1.761337538976735,0.33329452980247504,True,0.0,1.0,0.0,True
80,cloud000080.pcd,7.088419157939871,0.44497671094302194,0.0,0.03139086241705727,1.7985639317732158,0.33329245110883937,True,0.0,1.0,0.0,True
81,cloud000081.pcd,7.197678308003708,0.4362680330217517,0.0,0.03000738955487447,1.7192967756992572,0.33330059780929533,True,0.0,1.0,0.0,True
82,cloud000082.pcd,7.346940976652064,0.4390185745075733,0.0,0.030184259305716842,1.7294306659460554,0.3333096903779071,True,0.0,1.0,0.0,True
83,cloud000083.pcd,7.484297316391017,0.40830325710096993,0.0,0.02942674304025906,1.686028181022813,0.333315692962784,True,0.0,1.0,0.0,True
84,cloud000084.pcd,7.6307609382110195,0.3920471023174242,0.0,0.030233883197851207,1.7322739055283671,0.3333172174518864,True,0.0,1.0,0.0,True
85,cloud000085.pcd,7.6987200246006005,0.3960606629596807,0.0,0.02997722108475006,1.717568249686762,0.33332675906370207,True,0.0,1.0,0.0,True
86,cloud000086.pcd,7.890319924139889,0.36656386707545924,0.0,0.0332152717172728,1.9030948847799816,0.333312743062821,True,0.0,1.0,0.0,True
87,cloud000087.pcd,7.974312567428178,0.3672016492121135,0.0,0.03805073197283395,2.180146349426886,0.33327126316894645,True,0.0,1.0,0.0,True
88,cloud000088.pcd,8.171662269254973,0.349474838960306,0.0,0.038834599732611906,2.2250586637585377,0.33326720008700256,True,0.0,1.0,0.0,True
89,cloud000089.pcd,8.335964653191068,0.340901084125331,0.0,0.038090542581437216,2.1824273292797005,0.33326354568525146,True,0.0,1.0,0.0,True
90,cloud000090.pcd,8.47151134938434,0.33635589999132975,0.0,0.035755905113593944,2.0486624556791715,0.3332752795748018,True,0.0,1.0,0.0,True
91,cloud000091.pcd,8.630742732270022,0.3359889566309714,0.0,0.035479024724955135,2.0327983779802254,0.33327977578247353,True,0.0,1.0,0.0,True
92,cloud000092.pcd,8.76863266751762,0.31778646286232776,0.0,0.03606202577656434,2.066201877689122,0.33332534832589417,True,0.0,1.0,0.0,True
93,cloud000093.pcd,8.875917289400485,0.29975187743407183,0.0,0.0406213462182292,2.3274316964442407,0.33332895633850673,True,0.0,1.0,0.0,True
94,cloud000094.pcd,8.965215947383387,0.2911903656187504,0.0,0.042151218816609784,2.4150869395241608,0.3333258193308807,True,0.0,1.0,0.0,True
95,cloud000095.pcd,8.955020973464327,0.30224656342892553,0.0,0.04363155265696371,2.499903820846834,0.33333140888122237,True,0.0,1.0,0.0,True
96,cloud000096.pcd,9.089683533673446,0.28667840460031974,0.0,0.05066594741008196,2.9029449516294803,0.3333190663387292,True,0.0,1.0,0.0,True
97,cloud000097.pcd,9.302640155162866,0.26823815185967,0.0,0.04817320438805078,2.7601212970564077,0.3332366243602329,True,0.0,1.0,0.0,True
98,cloud000098.pcd,9.4435836661842,0.2577415216120071,0.0,0.04888985298672267,2.8011822371542716,0.3332293893525092,True,0.0,1.0,0.0,True
99,cloud000099.pcd,9.627013709120142,0.24131526661748287,0.0,0.045350482118530405,2.5983912242753004,0.3332236230408468,True,0.0,1.0,0.0,True
100,cloud000100.pcd,9.72505945702298,0.21869302733288315,0.0,0.04711554197056508,2.699521704384873,0.33330781730205344,True,0.0,1.0,0.0,True
101,cloud000101.pcd,9.882699477404731,0.23327401179451573,0.0,0.037021534156837926,2.121177658286232,0.3333136824712804,True,0.0,1.0,0.0,True
102,cloud000102.pcd,9.959310895027777,0.2414435173914404,0.0,0.033619832574839525,1.9262745144747482,0.3333039542509479,True,0.0,1.0,0.0,True
103,cloud000103.pcd,10.102895213201046,0.233945215450309,0.0,0.03362476263536191,1.926556986135425,0.33330458356517784,True,0.0,1.0,0.0,True
104,cloud000104.pcd,10.22745344520956,0.23147939700646764,0.0,0.031929934239048156,1.8294504720277212,0.33329951072756375,True,0.0,1.0,0.0,True
105,cloud000105.pcd,10.314438116156571,0.2292988517223907,0.0,0.032206420008513016,1.8452919397134846,0.3333066740111052,True,0.0,1.0,0.0,True
106,cloud000106.pcd,10.616387658837807,0.21053386376970593,0.0,0.031330042694655856,1.7950792183684574,0.3333068000030116,True,0.0,1.0,0.0,True
107,cloud000107.pcd,10.683992971048559,0.20924011115244165,0.0,0.029078252587836854,1.6660611488984158,0.33318723294834957,True,0.0,1.0,0.0,True
108,cloud000108.pcd,10.787568376695306,0.21114233317209374,0.0,0.02694969930443456,1.5441040292907506,0.333089406807275,True,0.0,1.0,0.0,True
109,cloud000109.pcd,10.918071147687963,0.20602199866448354,0.0,0.028578692248093177,1.6374384498189816,0.33309612035379194,True,0.0,1.0,0.0,True
110,cloud000110.pcd,10.911856521477738,0.20119654161836034,0.0,0.030497566530621835,1.7473818476240677,0.3331554649651373,True,0.0,1.0,0.0,True
111,cloud000111.pcd,11.153456366832847,0.1787761427131777,0.0,0.032967774559214236,1.8889143421817436,0.3332593442437841,True,0.0,1.0,0.0,True
112,cloud000112.pcd,11.222006954004941,0.16832658276015716,0.0,0.03418388313536305,1.9585922310247348,0.33312903520227755,True,0.0,1.0,0.0,True
113,cloud000113.pcd,11.265061290726708,0.16407707205606498,0.0,0.036550963545403256,2.094215948288135,0.33312345098773344,True,0.0,1.0,0.0,True
114,cloud000114.pcd,11.428037160708346,0.14500128311429994,0.0,0.03061259509821292,1.7539724990704721,0.3330631043896613,True,0.0,1.0,0.0,True
115,cloud000115.pcd,11.618241340335432,0.12675393633222118,0.0,0.03107209741539324,1.7803000425213862,0.33314076957866534,True,0.0,1.0,0.0,True
116,cloud000116.pcd,11.70992666842372,0.11450851737565956,0.0,0.028311528421424068,1.622131090112277,0.3333084190833099,True,0.0,1.0,0.0,True
117,cloud000117.pcd,11.804030844736936,0.10943758620452632,0.0,0.027783277978107847,1.591864569184343,0.33322570632335047,True,0.0,1.0,0.0,True
118,cloud000118.pcd,11.917963547518465,0.08424250183598105,0.0,0.03132491135091403,1.79478521402882,0.33331544727524814,True,0.0,1.0,0.0,True
119,cloud000119.pcd,12.0390221891898,0.07421735972607649,0.0,0.0352949875066311,2.0222538220969306,0.33329809735597626,True,0.0,1.0,0.0,True
120,cloud000120.pcd,12.104796167045576,0.06714345485882964,0.0,0.03501010310757225,2.005931148381738,0.3333315936557284,True,0.0,1.0,0.0,True
121,cloud000121.pcd,12.277499147196757,0.05944188709393593,0.0,0.03579344092314986,2.050813099147332,0.3333179568841623,True,0.0,1.0,0.0,True
122,cloud000122.pcd,12.372777867136051,0.061975062664262504,0.0,0.03603317256781275,2.0645487106022458,0.33329456977272515,True,0.0,1.0,0.0,True
123,cloud000123.pcd,12.42007747329412,0.06488068637087198,0.0,0.034759791747103724,1.9915893638627136,0.3332938843875847,True,0.0,1.0,0.0,True
124,cloud000124.pcd,12.58333530839569,0.05588859140675347,0.0,0.035710531722916494,2.046062751891155,0.3332653431742692,True,0.0,1.0,0.0,True
125,cloud000125.pcd,12.71897970414496,0.039665544701318146,0.0,0.03923442695517693,2.2479670761459514,0.333243372649143,True,0.0,1.0,0.0,True
126,cloud000126.pcd,12.943620260677323,0.02171525582188493,0.0,0.03603601197463527,2.0647113966294968,0.3333021317392844,True,0.0,1.0,0.0,True
127,cloud000127.pcd,13.063151504546234,0.002439784011651746,0.0,0.03722361176211479,2.132755852202707,0.33330979015185064,True,0.0,1.0,0.0,True
128,cloud000128.pcd,13.170867058224333,-0.010804137261196466,0.0,0.034933456980810025,2.001539648802238,0.33328911345299445,True,0.0,1.0,0.0,True
129,cloud000129.pcd,13.307040220700706,-0.019612270621399266,0.0,0.03608714643138,2.067641185188664,0.3332842403697433,True,0.0,1.0,0.0,True
130,cloud000130.pcd,13.323948161004035,-0.016193837655891045,0.0,0.038530059546138584,2.207609796381489,0.33329262561845924,True,0.0,1.0,0.0,True
131,cloud000131.pcd,13.483653323913797,-0.03695648349819622,0.0,0.039915461208933536,2.2869874645900463,0.3332962671240102,True,0.0,1.0,0.0,True
132,cloud000132.pcd,13.559263401386648,-0.05279166280287821,0.0,0.03582448141929192,2.052591588570264,0.3332484867772629,True,0.0,1.0,0.0,True
133,cloud000133.pcd,13.75610259287344,-0.06430061984963423,0.0,0.039276408752857095,2.250372455969397,0.3332531030676876,True,0.0,1.0,0.0,True
134,cloud000134.pcd,13.89433290328432,-0.08297874413760796,0.0,0.04237311558874164,2.4278006880548926,0.3332706474325783,True,0.0,1.0,0.0,True
135,cloud000135.pcd,14.065284505992441,-0.09867956046988269,0.0,0.04110547485986235,2.355170224351222,0.3332842346517584,True,0.0,1.0,0.0,True
136,cloud000136.pcd,14.182741126467237,-0.11403024421421748,0.0,0.03892367182022997,2.2301621184514717,0.3332921091023036,True,0.0,1.0,0.0,True
137,cloud000137.pcd,14.49904938292213,-0.15333643048041629,0.0,0.040991115703244214,2.348617927328327,0.3333230721973387,True,0.0,1.0,0.0,True
138,cloud000138.pcd,14.635461541261662,-0.1548204376798455,0.0,0.040472256094673066,2.31888946159739,0.3332336857927704,True,0.0,1.0,0.0,True
139,cloud000139.pcd,14.742550637195222,-0.16364049038249306,0.0,0.03993171764410901,2.2879188897155287,0.3331658654790793,True,0.0,1.0,0.0,True
140,cloud000140.pcd,14.910850207943605,-0.18544495233455688,0.0,0.042459167386837596,2.4327310929053025,0.33312437742550527,True,0.0,1.0,0.0,True
141,cloud000141.pcd,14.962260835302331,-0.18956563558510164,0.0,0.04707908590941894,2.6974329259435286,0.33319670296325804,True,0.0,1.0,0.0,True
142,cloud000142.pcd,15.042015995761439,-0.20892904126247366,0.0,0.04490223831574344,2.5727087461827134,0.3332915597474414,True,0.0,1.0,0.0,True
143,cloud000143.pcd,15.126382077651652,-0.20394017386720684,0.0,0.04451205013593795,2.550352610263967,0.33329621296618134,True,0.0,1.0,0.0,True
144,cloud000144.pcd,15.220447883839965,-0.19808275185985966,0.0,0.04495953981410708,2.5759918801987256,0.3332895993667833,True,0.0,1.0,0.0,True
145,cloud000145.pcd,15.445115523707544,-0.22889302395276453,0.0,0.04304141155833085,2.4660912265779573,0.33333029875216996,True,0.0,1.0,0.0,True
146,cloud000146.pcd,15.581676401735669,-0.24028119767151368,0.0,0.045759130064745586,2.6218050269001196,0.3332854234946364,True,0.0,1.0,0.0,True
147,cloud000147.pcd,15.523899583076846,-0.23955565102260357,0.0,0.04539716162965434,2.601065763252436,0.3332718480046878,True,0.0,1.0,0.0,True
148,cloud000148.pcd,15.611889838148612,-0.2408260549143289,0.0,0.04756765286802312,2.7254257506810906,0.3330880482587242,True,0.0,1.0,0.0,True
149,cloud000149.pcd,15.578668767487741,-0.2318854539264296,0.0,0.05421259603580757,3.1061529492994313,0.33314744116108325,True,0.0,1.0,0.0,True
150,cloud000150.pcd,15.627476096200292,-0.23031139492378097,0.0,0.054294698816610976,3.1108570921257543,0.33320409108879634,True,0.0,1.0,0.0,True
151,cloud000151.pcd,15.816966104941072,-0.25037119260982404,0.0,0.04933004054517077,2.8264031264475156,0.33325353016905107,True,0.0,1.0,0.0,True
152,cloud000152.pcd,15.993020782553428,-0.2699841406598437,0.0,0.05337765561347513,3.058314386954912,0.3331717695148467,True,0.0,1.0,0.0,True
153,cloud000153.pcd,16.016319562260346,-0.25937243606661853,0.0,0.05138078718957818,2.943902254022676,0.33329756531676197,True,0.0,1.0,0.0,True
154,cloud000154.pcd,16.289960766141295,-0.2831617529621872,0.0,0.052462559862361716,3.005883262565759,0.3331356503380395,True,0.0,1.0,0.0,True
155,cloud000155.pcd,16.411474698290863,-0.2926429928100823,0.0,0.052276138658071104,2.995202114348161,0.33307951970212973,True,0.0,1.0,0.0,True
156,cloud000156.pcd,16.26022213505866,-0.2864555441327045,0.0,0.05037383191868404,2.8862079668419893,0.33312257083792035,True,0.0,1.0,0.0,True
157,cloud000157.pcd,16.339860658745145,-0.2786880826314446,0.0,0.05858383507350333,3.356606497402226,0.33269368386250975,True,0.0,1.0,0.0,True
158,cloud000158.pcd,16.82474268144632,-0.34292003177242686,0.0,0.05588644062355723,3.202057179738302,0.3328828260451955,True,0.0,1.0,0.0,True
159,cloud000159.pcd,16.996131028998406,-0.3734432204623346,0.0,0.05492983404794487,3.147247660301251,0.33225862407842205,True,0.0,1.0,0.0,True
160,cloud000160.pcd,17.159952433881266,-0.36728715201953693,0.0,0.057328954948776406,3.284707162460523,0.33240854402111036,True,0.0,1.0,0.0,True
161,cloud000161.pcd,17.177653644723136,-0.35490159489291356,0.0,0.05830056462171528,3.3403762960540067,0.3325912376075733,True,0.0,1.0,0.0,True
162,cloud000162.pcd,17.304526846182362,-0.3716277135696185,0.0,0.056447296376683644,3.2341918473080766,0.3332062941201359,True,0.0,1.0,0.0,True
163,cloud000163.pcd,17.329440133794243,-0.36980052555804893,0.0,0.058996517619335866,3.3802514655571443,0.33324409143036254,True,0.0,1.0,0.0,True
164,cloud000164.pcd,17.254250754882964,-0.36522404871686653,0.0,0.051600170181204906,2.9564719735398413,0.33325731180710916,True,0.0,1.0,0.0,True
165,cloud000165.pcd,17.33262250658101,-0.37121282053472265,0.0,0.05024290285284651,2.878706283953908,0.33321781265277683,True,0.0,1.0,0.0,True
166,cloud000166.pcd,17.406104965526623,-0.36672012493730916,0.0,0.0470465112364541,2.695566534663624,0.3331659289463071,True,0.0,1.0,0.0,True
167,cloud000167.pcd,17.668620035259007,-0.39271748190578093,0.0,0.04826249120182599,2.7652370546518976,0.3332584362300824,True,0.0,1.0,0.0,True
168,cloud000168.pcd,17.81191105096528,-0.39996505980732927,0.0,0.04847784849418267,2.7775761185913,0.33328894690283173,True,0.0,1.0,0.0,True
169,cloud000169.pcd,18.020523105628687,-0.42532766442359704,0.0,0.047681815480539506,2.731966786556467,0.33322144507851165,True,0.0,1.0,0.0,True
170,cloud000170.pcd,18.16805925666218,-0.4593312599793662,0.0,0.0445395211528693,2.5519265835930653,0.3332194582395681,True,0.0,1.0,0.0,True
171,cloud000171.pcd,18.269573460404505,-0.4783514523012677,0.0,0.044461778167191504,2.5474722386269817,0.33329277241336286,True,0.0,1.0,0.0,True
172,cloud000172.pcd,18.320994455963127,-0.4954671679518015,0.0,0.03863698128817371,2.2137359609382883,0.3332968826179802,True,0.0,1.0,0.0,True
173,cloud000173.pcd,18.311130732573808,-0.4996539848794683,0.0,0.029096091064645474,1.6670832183324917,0.33333218446730356,True,0.0,1.0,0.0,True
174,cloud000174.pcd,18.386532289721064,-0.5163044698291205,0.0,-0.0645309057861024,-3.6973485497000116,0.3333324662593924,True,0.0,1.0,0.0,True
175,cloud000175.pcd,18.426276267531065,-0.5069059980135185,0.0,-0.15993184773338423,-9.163419884851837,0.33326804568245916,True,0.0,1.0,0.0,True
176,cloud000176.pcd,18.48612984920083,-0.5151689141030148,0.0,-0.18639379019519542,-10.679577505631642,0.33329907311078333,True,0.0,1.0,0.0,True
177,cloud000177.pcd,18.664967537983422,-0.579856618959207,0.0,-0.18699514319589688,-10.714032494569365,0.3332597024568151,True,0.0,1.0,0.0,True
178,cloud000178.pcd,18.76808783711513,-0.6103829140240242,0.0,-0.19047159847440648,-10.913218709693941,0.33325867027066297,True,0.0,1.0,0.0,True
179,cloud000179.pcd,18.599144019736595,-0.6047418217657946,0.0,-0.1885598038249485,-10.803680944984306,0.3332627607422118,True,0.0,1.0,0.0,True
180,cloud000180.pcd,18.86291690819757,-0.6578597836271796,0.0,-0.18391093462426963,-10.53732036027705,0.3329706044195885,True,0.0,1.0,0.0,True
181,cloud000181.pcd,18.94599789941478,-0.6941560300673288,0.0,-0.18895924669475203,-10.826567335580641,0.3324788119203494,True,0.0,1.0,0.0,True
182,cloud000182.pcd,19.159630610367156,-0.7434932910237579,0.0,-0.1864735918538568,-10.684149803871083,0.33275255659271424,True,0.0,1.0,0.0,True
183,cloud000183.pcd,19.260596044622897,-0.7814753559566205,0.0,-0.18524774086746623,-10.613913716038955,0.33285050860543314,True,0.0,1.0,0.0,True
184,cloud000184.pcd,19.37192109636203,-0.8234033106258836,0.0,-0.18558354001504399,-10.633153589959251,0.3332240796612996,True,0.0,1.0,0.0,True
185,cloud000185.pcd,19.421440668036144,-0.8465013493429897,0.0,-0.18198021534124562,-10.42669829393525,0.3332577570820888,True,0.0,1.0,0.0,True
186,cloud000186.pcd,19.480454074456105,-0.8729119218218386,0.0,-0.17937566725413062,-10.27746868100469,0.33331483422469715,True,0.0,1.0,0.0,True
187,cloud000187.pcd,19.632475574886833,-0.943428197482337,0.0,-0.17848233631477525,-10.226284588471168,0.3333261209758643,True,0.0,1.0,0.0,True
188,cloud000188.pcd,19.777816106831747,-0.9813249730530353,0.0,-0.1772108552073763,-10.15343408728659,0.33327103640085304,True,0.0,1.0,0.0,True
189,cloud000189.pcd,19.839218945550204,-1.0206689956149462,0.0,-0.17416363548865338,-9.978841258154723,0.3333148367321089,True,0.0,1.0,0.0,True
190,cloud000190.pcd,19.867416846606414,-1.0553092715730805,0.0,-0.17525211854864442,-10.041206743563695,0.3332556283983618,True,0.0,1.0,0.0,True
191,cloud000191.pcd,20.033337116270985,-1.0887204301776257,0.0,-0.1772707945439743,-10.156868358300468,0.3333242620662334,True,0.0,1.0,0.0,True
192,cloud000192.pcd,20.188519804978412,-1.1389778893937446,0.0,-0.17551076402118135,-10.056026037530229,0.3332194742293765,True,0.0,1.0,0.0,True
193,cloud000193.pcd,20.2895784841321,-1.1786649802707279,0.0,-0.17823700180579904,-10.212227956537918,0.3332985884336223,True,0.0,1.0,0.0,True
194,cloud000194.pcd,20.414359838829345,-1.2295072121209853,0.0,-0.17537821489762498,-10.048431532172291,0.3332471070290837,True,0.0,1.0,0.0,True
195,cloud000195.pcd,20.50938702347152,-1.267499967487492,0.0,-0.17610647046423636,-10.090157502546031,0.3333250759460989,True,0.0,1.0,0.0,True
196,cloud000196.pcd,20.60650676850181,-1.2928448907990817,0.0,-0.18018960374587362,-10.324103806773246,0.33332574391579467,True,0.0,1.0,0.0,True
197,cloud000197.pcd,20.700454868018205,-1.3181191505105392,0.0,-0.1843830489802597,-10.564370520322818,0.33332833172947524,True,0.0,1.0,0.0,True
198,cloud000198.pcd,20.84244498587245,-1.355786008206046,0.0,-0.18436298606355886,-10.563220999871138,0.33333088458284926,True,0.0,1.0,0.0,True
199,cloud000199.pcd,20.968470289825675,-1.380341448244419,0.0,-0.1858403830908466,-10.6478696141999,0.3333261077709378,True,0.0,1.0,0.0,True
200,cloud000200.pcd,21.023190090855156,-1.4081633039085468,0.0,-0.1875369978418365,-10.74507847889126,0.3333278833244265,True,0.0,1.0,0.0,True
201,cloud000201.pcd,21.14635646567495,-1.453345828422646,0.0,-0.18590747998367643,-10.65171398297749,0.3333008554253875,True,0.0,1.0,0.0,True
202,cloud000202.pcd,21.274015492448125,-1.4876668713321752,0.0,-0.18822332419105686,-10.784402082070208,0.3333032980241041,True,0.0,1.0,0.0,True
203,cloud000203.pcd,21.37787529143998,-1.5270634591207308,0.0,-0.18948579636619892,-10.856736409458549,0.3333063124732051,True,0.0,1.0,0.0,True
204,cloud000204.pcd,21.476058969278792,-1.5599272687571606,0.0,-0.18922832700009906,-10.841984501427119,0.3333130063441259,True,0.0,1.0,0.0,True
205,cloud000205.pcd,21.59435906624603,-1.6044435848089023,0.0,-0.1901274384848263,-10.89349979481373,0.33333206421717465,True,0.0,1.0,0.0,True
206,cloud000206.pcd,21.738539590687697,-1.6443548246776833,0.0,-0.18741920736516535,-10.738329581711168,0.33332863700672977,True,0.0,1.0,0.0,True
207,cloud000207.pcd,21.867653271268253,-1.6908889673781808,0.0,-0.19160968400803652,-10.978426207495836,0.33333058094073015,True,0.0,1.0,0.0,True
208,cloud000208.pcd,21.993507842585032,-1.723471945917612,0.0,-0.18875646132009322,-10.814948589465713,0.3333294465116365,True,0.0,1.0,0.0,True
209,cloud000209.pcd,22.133521722386757,-1.7611079947429433,0.0,-0.19031573920737677,-10.904288631495136,0.33332983172018443,True,0.0,1.0,0.0,True
210,cloud000210.pcd,22.21814875827191,-1.7953078757885967,0.0,-0.19359560091625141,-11.092210864800219,0.33333070390285163,True,0.0,1.0,0.0,True
211,cloud000211.pcd,22.38331318538833,-1.8449786302799218,0.0,-0.19192251836923865,-10.99635029607939,0.33332417408050985,True,0.0,1.0,0.0,True
212,cloud000212.pcd,22.47194652394054,-1.8737794228880629,0.0,-0.19265670475686217,-11.038416077466174,0.3333094601479848,True,0.0,1.0,0.0,True
213,cloud000213.pcd,22.60889476764868,-1.9258034875700327,0.0,-0.19523597598068285,-11.18619743281064,0.3333033795494182,True,0.0,1.0,0.0,True
214,cloud000214.pcd,22.714995273647492,-1.9593536272942393,0.0,-0.19201706812366934,-11.001767597962266,0.333303485592156,True,0.0,1.0,0.0,True
215,cloud000215.pcd,22.858072273529906,-1.9955155752240719,0.0,-0.1939127879409401,-11.110384342631193,0.3333129682743016,True,0.0,1.0,0.0,True
216,cloud000216.pcd,22.938838243063397,-2.0204916537275732,0.0,-0.1988362886699533,-11.392480154833232,0.3333238604003781,True,0.0,1.0,0.0,True
217,cloud000217.pcd,23.020204721401225,-2.0606531468258837,0.0,-0.20227956977724848,-11.58976562995838,0.33332153687396066,True,0.0,1.0,0.0,True
218,cloud000218.pcd,23.172859694612157,-2.1192158663725347,0.0,-0.20577450824384283,-11.79001085375216,0.3333210788753073,True,0.0,1.0,0.0,True
219,cloud000219.pcd,23.25301037436531,-2.142858989886729,0.0,-0.2060279591310577,-11.804532519903418,0.33329150325841556,True,0.0,1.0,0.0,True
220,cloud000220.pcd,23.347940147669576,-2.179187618390942,0.0,-0.20942854975563513,-11.99937201054346,0.33330024534656333,True,0.0,1.0,0.0,True
221,cloud000221.pcd,23.445246870063546,-2.2264070190131577,0.0,-0.20828815204257253,-11.934032034618603,0.33330592859523694,True,0.0,1.0,0.0,True
222,cloud000222.pcd,23.584184093180866,-2.2747291966040013,0.0,-0.2103385315801518,-12.051510128521882,0.3333122133152571,True,0.0,1.0,0.0,True
223,cloud000223.pcd,23.709801941069475,-2.312831545955503,0.0,-0.21434745216033116,-12.281204358169296,0.3333304901291365,True,0.0,1.0,0.0,True
224,cloud000224.pcd,23.82659159730609,-2.3538165286917496,0.0,-0.21771925005994366,-12.474394147188168,0.33332885811885327,True,0.0,1.0,0.0,True
225,cloud000225.pcd,23.940652513947484,-2.404506605132357,0.0,-0.21983471761709994,-12.595601509910072,0.3333263241318149,True,0.0,1.0,0.0,True
226,cloud000226.pcd,24.07397375395287,-2.4453197389524983,0.0,-0.2188236179687929,-12.537669767394917,0.333332164308682,True,0.0,1.0,0.0,True
227,cloud000227.pcd,24.184936876084837,-2.499276504641879,0.0,-0.21655162528075786,-12.407494175285926,0.3333309025321335,True,0.0,1.0,0.0,True
228,cloud000228.pcd,24.292532026337184,-2.532068929308856,0.0,-0.21813802005047186,-12.498387900232167,0.333330585775724,True,0.0,1.0,0.0,True
229,cloud000229.pcd,24.44068199077844,-2.565830310227991,0.0,-0.21534983695783608,-12.338636776514402,0.3333295910501445,True,0.0,1.0,0.0,True
230,cloud000230.pcd,24.572975425252093,-2.600987253197702,0.0,-0.2166025088004271,-12.410409586209745,0.33332292151763515,True,0.0,1.0,0.0,True
231,cloud000231.pcd,24.704349494376597,-2.6614743679682906,0.0,-0.21486710496436473,-12.310978270652559,0.3333284222496724,True,0.0,1.0,0.0,True
232,cloud000232.pcd,24.803723405916593,-2.69372261664855,0.0,-0.21594424849514632,-12.372694048896163,0.3333263205537228,True,0.0,1.0,0.0,True
233,cloud000233.pcd,24.911228689422487,-2.730236182710957,0.0,-0.2182595276760989,-12.505349774359251,0.33332816782899005,True,0.0,1.0,0.0,True
234,cloud000234.pcd,25.009568690047484,-2.76966254151809,0.0,-0.21955515262690734,-12.57958361587242,0.3333281464384297,True,0.0,1.0,0.0,True
235,cloud000235.pcd,25.12884462354003,-2.8080443715413623,0.0,-0.21459850360285596,-12.295588546266638,0.3333285744311451,True,0.0,1.0,0.0,True
236,cloud000236.pcd,25.22469678594379,-2.8539718169076655,0.0,-0.21297579185788013,-12.202614011913212,0.3333320634936208,True,0.0,1.0,0.0,True
237,cloud000237.pcd,25.33081001109587,-2.888544530171776,0.0,-0.21466096553340452,-12.29916735126731,0.33333091190024083,True,0.0,1.0,0.0,True
238,cloud000238.pcd,25.457579643530384,-2.9286379057660437,0.0,-0.21742569527233735,-12.457574696802466,0.33333043789804645,True,0.0,1.0,0.0,True
239,cloud000239.pcd,25.570845196888197,-2.9592858278024994,0.0,-0.21638678561484692,-12.398049558132882,0.33332841496266435,True,0.0,1.0,0.0,True
240,cloud000240.pcd,25.697421155463626,-3.0137897390462225,0.0,-0.2138381015169481,-12.252020716011172,0.33333100344132366,True,0.0,1.0,0.0,True
241,cloud000241.pcd,25.80352826876098,-3.0493594138305924,0.0,-0.2127389568214,-12.189044363882076,0.33333051518012885,True,0.0,1.0,0.0,True
242,cloud000242.pcd,25.932110425052578,-3.0831840947486224,0.0,-0.21100428065039117,-12.089654740461356,0.3333299603265017,True,0.0,1.0,0.0,True
243,cloud000243.pcd,26.06481417440145,-3.1166116967224373,0.0,-0.21254888013442905,-12.17815377193481,0.3333286696574613,True,0.0,1.0,0.0,True
244,cloud000244.pcd,26.15442408494969,-3.172603224903907,0.0,-0.21838826957692511,-12.512726141923086,0.3333299346169914,True,0.0,1.0,0.0,True
245,cloud000245.pcd,26.247015627733777,-3.215031319867367,0.0,-0.22209873503081914,-12.725320152460307,0.33332199678887636,True,0.0,1.0,0.0,True
246,cloud000246.pcd,26.35761470344003,-3.2524846776172955,0.0,-0.22149619989312705,-12.690797432062215,0.333328991340749,True,0.0,1.0,0.0,True
247,cloud000247.pcd,26.45481256316298,-3.2911709248750203,0.0,-0.21903277104555383,-12.549653355965495,0.33332224046868886,True,0.0,1.0,0.0,True
248,cloud000248.pcd,26.61321816084915,-3.37851642731837,0.0,-0.21906104919340189,-12.551273574489635,0.33333155709669005,True,0.0,1.0,0.0,True
249,cloud000249.pcd,26.61321816084915,-3.37851642731837,0.0,-0.21906104919340189,-12.551273574489635,0.3333185820577945,True,0.0,1.0,0.0,True
